Date,Amount,Budget,Subcategory,Store
24-02-2022,67.55,612.55,Bandages,MediPlus
05-12-2020,30.09,3814.12,Syringes,MedLife
13-08-2021,47.97,634.09,Medications,MediPlus
21-08-2021,55.48,619.41,Medications,MedLife
31-08-2021,47.76,2521.44,Bandages,PharmaCare
14-12-2019,78.29,1218.47,Medical Devices,HealthMart
22-12-2021,35.01,1468.91,Bandages,PharmaCare
29-08-2020,18.35,935.22,Bandages,MedLife
18-12-2018,33.81,695.53,Medical Devices,MedLife
29-08-2018,21.23,4650.33,Syringes,MedLife
20-10-2020,36.39,3328.88,Bandages,MedLife
08-12-2019,27.31,813.0,Medications,HealthMart
06-03-2021,98.67,4348.93,Syringes,QuickHealth
09-08-2022,35.02,3360.58,Bandages,MediPlus
27-09-2021,43.32,1442.78,Bandages,PharmaCare
23-01-2019,64.82,1270.12,Medications,MediPlus
03-06-2023,51.6,1714.77,Medications,HealthMart
09-01-2019,85.86,3992.0,Medications,PharmaCare
03-10-2019,82.45,2305.24,Syringes,MediPlus
08-09-2018,92.18,3052.31,Bandages,MediPlus
18-11-2021,68.99,2280.34,Medical Devices,MediPlus
05-03-2020,33.84,1609.82,Bandages,MedLife
26-11-2019,48.56,3125.9,Bandages,MediPlus
27-08-2020,99.76,1122.49,Medical Devices,PharmaCare
04-08-2020,78.02,4374.96,Medications,MediPlus
31-05-2019,81.29,2399.72,Syringes,QuickHealth
08-03-2023,44.35,4982.55,Bandages,MedLife
23-10-2020,87.47,551.66,Syringes,MedLife
11-11-2022,77.58,3958.69,Bandages,PharmaCare
15-10-2020,36.42,1211.71,Syringes,HealthMart
14-09-2021,97.47,3928.83,Syringes,HealthMart
07-09-2020,85.75,2784.48,Medications,MediPlus
26-01-2020,43.65,1226.97,Syringes,MedLife
25-06-2019,39.17,587.65,Bandages,HealthMart
06-10-2018,31.55,1583.92,Syringes,PharmaCare
18-05-2021,75.87,4172.1,Medications,MediPlus
25-03-2021,69.38,4760.82,Medications,HealthMart
21-02-2023,57.49,3229.67,Medications,MedLife
13-01-2022,77.97,3604.4,Bandages,QuickHealth
14-02-2021,99.56,3424.45,Medical Devices,MedLife
18-05-2020,50.63,1615.58,Syringes,HealthMart
23-07-2020,11.89,2992.65,Medications,PharmaCare
17-06-2023,16.39,3339.96,Medications,PharmaCare
06-03-2022,91.49,4368.36,Syringes,MedLife
30-01-2023,31.42,3510.4,Medications,MedLife
01-12-2019,21.91,4709.81,Medical Devices,MediPlus
22-07-2020,80.62,4133.74,Medications,PharmaCare
18-10-2021,18.72,2439.73,Medical Devices,QuickHealth
09-06-2020,52.03,3780.84,Syringes,PharmaCare
25-08-2019,46.24,2026.86,Syringes,MediPlus
12-05-2020,27.24,2913.29,Medications,QuickHealth
24-02-2023,26.51,2581.83,Syringes,QuickHealth
10-11-2019,82.72,4351.85,Syringes,PharmaCare
15-07-2019,68.69,2932.65,Syringes,PharmaCare
18-03-2019,93.37,4319.13,Medications,QuickHealth
29-11-2018,53.71,1461.86,Medical Devices,PharmaCare
23-08-2021,24.82,509.7,Medical Devices,HealthMart
04-09-2022,93.39,4033.08,Bandages,QuickHealth
07-07-2022,72.69,3787.27,Medical Devices,MediPlus
29-11-2020,27.09,1479.65,Syringes,MedLife
26-09-2022,76.22,774.31,Bandages,PharmaCare
07-03-2022,14.51,2645.55,Medications,PharmaCare
20-02-2020,96.47,860.5,Medications,PharmaCare
06-09-2018,63.55,3538.46,Medications,QuickHealth
01-09-2018,20.79,4506.29,Medications,MedLife
29-09-2022,63.51,3287.22,Medical Devices,MedLife
25-06-2020,60.87,1923.66,Bandages,MediPlus
29-05-2019,70.28,1913.83,Bandages,QuickHealth
23-07-2022,21.78,3404.75,Medical Devices,HealthMart
30-03-2020,93.61,4710.8,Syringes,QuickHealth
28-05-2023,65.9,3033.47,Syringes,PharmaCare
28-03-2022,58.39,2776.48,Medications,HealthMart
08-11-2020,89.28,4456.72,Bandages,HealthMart
04-05-2019,24.2,4251.85,Bandages,MedLife
30-03-2023,98.55,4131.95,Syringes,MedLife
06-03-2023,36.94,3485.25,Medications,HealthMart
04-01-2021,20.39,981.66,Medications,HealthMart
12-01-2022,35.36,1447.83,Bandages,MediPlus
20-11-2020,71.87,4338.11,Medical Devices,HealthMart
26-02-2019,91.48,4307.47,Syringes,QuickHealth
30-06-2023,84.64,698.39,Bandages,MediPlus
09-11-2019,67.34,1678.8,Medical Devices,MedLife
15-10-2019,73.51,3024.08,Syringes,PharmaCare
10-05-2021,95.05,3609.59,Medications,MedLife
02-01-2021,13.24,2161.47,Medications,QuickHealth
14-12-2018,21.47,1887.16,Syringes,HealthMart
27-03-2019,28.91,1622.88,Syringes,HealthMart
03-01-2021,80.21,4478.61,Medical Devices,MedLife
01-11-2021,77.45,4665.94,Medications,MediPlus
18-05-2023,97.86,4148.47,Medical Devices,PharmaCare
06-03-2020,26.14,4660.19,Medical Devices,MediPlus
18-12-2019,34.01,4043.19,Syringes,QuickHealth
10-12-2021,88.5,4363.67,Medications,MediPlus
21-09-2021,83.49,2571.36,Bandages,MediPlus
27-02-2023,30.06,3470.15,Medical Devices,HealthMart
18-09-2021,35.07,812.39,Bandages,HealthMart
20-08-2019,67.73,2298.55,Bandages,PharmaCare
02-08-2018,20.38,4866.8,Medications,MedLife
02-08-2020,96.63,1694.6,Syringes,MedLife
05-12-2022,49.11,3778.45,Bandages,QuickHealth
29-01-2019,64.56,2801.4,Medical Devices,MedLife
17-07-2023,27.11,699.74,Medical Devices,PharmaCare
02-04-2023,56.79,4129.3,Medications,HealthMart
23-09-2020,48.82,4769.94,Bandages,MedLife
02-09-2019,38.25,4316.07,Bandages,MedLife
31-12-2018,37.84,2337.77,Medical Devices,HealthMart
16-07-2019,59.9,1363.28,Medical Devices,MediPlus
10-03-2021,65.4,1854.27,Syringes,HealthMart
28-01-2023,35.82,2434.5,Bandages,QuickHealth
20-11-2019,49.76,3540.32,Medical Devices,MediPlus
02-12-2022,69.3,1777.04,Bandages,PharmaCare
11-05-2020,83.66,3880.12,Bandages,MediPlus
25-04-2023,82.59,1163.09,Syringes,MediPlus
11-02-2022,98.55,3250.73,Syringes,QuickHealth
18-06-2019,47.3,3333.94,Medications,QuickHealth
14-07-2019,54.49,1597.93,Syringes,PharmaCare
28-03-2020,80.06,1484.79,Medical Devices,PharmaCare
13-05-2023,60.17,4628.62,Syringes,QuickHealth
22-07-2021,22.0,2590.89,Bandages,QuickHealth
16-11-2022,65.14,3736.73,Medical Devices,MedLife
02-02-2019,50.13,1216.21,Medical Devices,QuickHealth
04-01-2023,33.33,1612.58,Bandages,MedLife
14-02-2019,53.61,1576.61,Medical Devices,PharmaCare
09-07-2023,74.22,1555.22,Bandages,HealthMart
26-08-2019,90.37,862.6,Medications,MediPlus
20-05-2020,44.47,1187.62,Medications,PharmaCare
19-11-2018,47.34,1988.97,Medical Devices,QuickHealth
21-12-2019,15.6,4248.01,Medical Devices,MedLife
12-03-2021,95.15,587.89,Medical Devices,QuickHealth
05-04-2020,10.53,2082.91,Medical Devices,QuickHealth
11-04-2019,58.44,3805.85,Medications,QuickHealth
15-10-2018,29.75,2461.26,Syringes,QuickHealth
31-05-2021,40.25,3556.14,Medical Devices,MediPlus
22-09-2018,85.65,4637.94,Syringes,QuickHealth
14-06-2022,63.27,3483.5,Syringes,QuickHealth
25-07-2021,22.21,2577.64,Syringes,HealthMart
11-04-2023,44.12,1452.47,Bandages,HealthMart
12-06-2019,78.51,2206.07,Medical Devices,HealthMart
19-08-2022,85.14,2616.38,Syringes,HealthMart
12-12-2022,30.18,808.78,Syringes,PharmaCare
21-05-2021,95.47,1397.12,Syringes,MedLife
24-12-2022,23.71,1067.99,Syringes,MedLife
28-01-2021,95.3,2592.65,Bandages,HealthMart
06-04-2022,25.1,3232.61,Syringes,MediPlus
29-10-2018,96.82,986.44,Syringes,HealthMart
02-11-2018,61.82,4586.12,Medical Devices,QuickHealth
06-12-2020,94.73,1392.48,Medications,PharmaCare
28-09-2022,72.75,1857.12,Syringes,MedLife
12-04-2021,80.44,2062.42,Medical Devices,HealthMart
03-04-2023,16.21,3413.94,Syringes,QuickHealth
11-03-2019,84.01,974.92,Bandages,QuickHealth
10-02-2020,73.66,2459.69,Bandages,MedLife
04-07-2021,82.74,2921.78,Medical Devices,QuickHealth
02-11-2022,49.2,3789.62,Bandages,HealthMart
21-10-2018,86.65,4238.29,Syringes,HealthMart
16-03-2023,89.35,1597.39,Medical Devices,MedLife
05-02-2022,64.93,2205.45,Syringes,QuickHealth
13-02-2022,86.59,1318.28,Medications,HealthMart
21-10-2022,81.8,2031.52,Bandages,MedLife
26-07-2022,10.91,4766.28,Syringes,MediPlus
31-05-2023,74.81,2698.6,Medications,QuickHealth
29-07-2019,68.13,2708.7,Syringes,PharmaCare
12-12-2018,36.48,2319.81,Medications,HealthMart
11-12-2019,69.76,2160.59,Bandages,QuickHealth
14-09-2018,99.7,2976.75,Bandages,QuickHealth
26-10-2020,34.38,1631.32,Syringes,MediPlus
29-07-2022,38.4,3842.96,Medications,MediPlus
21-09-2022,29.47,2678.89,Bandages,PharmaCare
23-10-2019,84.94,1833.11,Bandages,MediPlus
13-11-2020,37.2,3686.08,Medications,HealthMart
16-05-2021,14.1,745.37,Bandages,MediPlus
16-08-2022,67.41,3887.56,Syringes,PharmaCare
17-11-2018,61.67,2612.29,Medical Devices,HealthMart
22-08-2018,26.59,731.2,Medical Devices,PharmaCare
07-11-2022,83.99,2303.18,Syringes,MedLife
26-01-2021,66.65,741.24,Medications,MedLife
14-10-2020,95.42,883.31,Medications,PharmaCare
17-03-2021,60.23,2372.78,Medications,MedLife
05-04-2019,44.23,4588.27,Bandages,MedLife
02-11-2019,99.1,1874.21,Syringes,MedLife
02-06-2022,96.41,946.55,Medications,MediPlus
31-05-2020,33.82,865.34,Medications,MediPlus
04-02-2020,59.68,1204.4,Medical Devices,QuickHealth
05-02-2021,72.04,2614.61,Syringes,MediPlus
10-07-2019,35.93,1772.23,Medical Devices,PharmaCare
23-12-2018,71.86,4657.6,Medications,QuickHealth
18-06-2023,20.33,1511.64,Medications,HealthMart
30-01-2019,84.4,821.34,Medications,HealthMart
09-01-2023,63.55,4209.08,Bandages,QuickHealth
16-10-2019,21.19,3599.05,Medical Devices,HealthMart
22-05-2022,55.04,2722.08,Syringes,MedLife
24-07-2023,13.59,2444.13,Bandages,MedLife
20-08-2022,32.53,910.97,Syringes,HealthMart
09-03-2021,61.86,3933.99,Medications,QuickHealth
23-03-2021,56.71,2490.03,Bandages,MediPlus
14-05-2021,99.73,2461.48,Medical Devices,PharmaCare
03-06-2020,52.3,2337.57,Bandages,PharmaCare
24-11-2020,87.2,1984.12,Medical Devices,HealthMart
15-01-2023,69.63,2302.04,Syringes,QuickHealth
01-04-2019,17.93,1635.79,Syringes,QuickHealth
07-04-2019,87.84,4212.17,Syringes,MedLife
20-05-2023,51.58,743.92,Bandages,MedLife
28-04-2020,78.08,3314.34,Syringes,MediPlus
28-02-2023,34.04,1089.56,Bandages,QuickHealth
08-12-2021,89.28,2681.2,Syringes,MedLife
27-01-2021,81.94,3694.02,Bandages,MedLife
10-08-2018,11.23,2335.96,Medications,PharmaCare
29-04-2019,51.53,1028.6,Medications,QuickHealth
17-08-2020,93.94,1813.38,Bandages,QuickHealth
10-02-2021,85.13,4911.1,Medications,QuickHealth
05-12-2021,59.61,2226.14,Medications,PharmaCare
16-04-2021,34.86,4055.03,Medical Devices,HealthMart
16-10-2018,94.08,2784.82,Syringes,HealthMart
19-02-2021,75.34,4268.64,Medical Devices,MediPlus
09-12-2018,50.19,2679.54,Bandages,MedLife
27-11-2022,78.66,2197.45,Bandages,MediPlus
09-10-2018,98.27,1574.62,Medical Devices,MediPlus
30-12-2022,87.04,2348.49,Bandages,QuickHealth
29-06-2019,73.47,4151.34,Medical Devices,MediPlus
03-01-2022,54.58,666.59,Bandages,PharmaCare
22-05-2020,88.68,2481.38,Medical Devices,PharmaCare
17-10-2020,75.02,2344.9,Medications,PharmaCare
12-01-2020,52.25,4861.42,Bandages,MedLife
28-11-2022,72.34,3424.26,Bandages,MedLife
14-04-2023,44.2,1924.98,Medical Devices,MedLife
29-10-2021,13.23,807.89,Bandages,MediPlus
08-06-2023,77.21,2452.87,Syringes,PharmaCare
08-06-2019,49.93,3623.01,Syringes,PharmaCare
30-07-2020,39.19,752.54,Bandages,HealthMart
27-04-2020,48.76,1598.89,Medical Devices,MedLife
16-05-2019,71.36,1310.26,Medications,PharmaCare
01-09-2020,64.85,2221.45,Medications,QuickHealth
18-06-2022,92.15,1144.03,Medical Devices,HealthMart
22-12-2020,51.36,3500.78,Medical Devices,HealthMart
21-06-2022,70.98,1210.89,Medical Devices,HealthMart
16-02-2021,98.89,1846.19,Medical Devices,HealthMart
28-02-2021,51.12,1859.55,Medical Devices,QuickHealth
19-08-2018,19.6,2216.14,Bandages,MedLife
24-03-2021,36.63,3646.76,Syringes,QuickHealth
22-04-2022,34.7,3046.68,Syringes,MedLife
11-08-2019,77.07,4247.78,Bandages,MediPlus
26-12-2020,64.64,2085.44,Medications,MedLife
06-08-2020,32.56,3900.1,Medications,PharmaCare
25-05-2023,91.31,3408.53,Bandages,QuickHealth
28-01-2019,13.0,2141.88,Medications,PharmaCare
03-12-2020,91.87,1970.24,Medical Devices,MediPlus
15-02-2019,28.07,4039.31,Bandages,MedLife
21-01-2020,55.16,1726.37,Medications,HealthMart
22-09-2021,92.26,4748.85,Bandages,HealthMart
20-06-2023,82.38,2607.49,Syringes,MediPlus
12-06-2023,77.87,1515.27,Medical Devices,MedLife
03-11-2019,42.92,4058.07,Syringes,HealthMart
25-09-2021,58.29,2546.54,Bandages,MedLife
18-12-2020,44.29,3373.47,Bandages,PharmaCare
04-10-2022,70.74,2621.65,Bandages,MedLife
23-08-2018,29.92,784.48,Medical Devices,HealthMart
10-10-2019,68.43,1025.04,Syringes,PharmaCare
12-09-2019,37.39,2716.81,Syringes,MediPlus
26-11-2021,89.85,1110.49,Medical Devices,HealthMart
11-07-2022,70.34,3844.13,Medical Devices,MedLife
27-11-2018,76.8,1195.35,Medical Devices,PharmaCare
16-01-2020,85.03,3270.43,Bandages,PharmaCare
14-06-2020,72.13,1477.71,Medical Devices,MediPlus
02-05-2022,86.99,947.1,Bandages,MedLife
03-12-2021,91.15,3401.72,Syringes,QuickHealth
26-08-2020,34.83,4856.93,Medical Devices,PharmaCare
06-09-2020,69.65,3387.67,Syringes,PharmaCare
19-04-2021,80.81,1596.06,Medications,MedLife
13-07-2023,28.47,4234.18,Medications,MedLife
21-07-2021,29.44,4413.63,Bandages,MediPlus
01-05-2019,80.98,3181.92,Bandages,MediPlus
25-04-2021,98.88,2930.97,Medications,PharmaCare
17-01-2020,69.5,616.01,Syringes,HealthMart
28-01-2020,81.1,1570.69,Bandages,PharmaCare
10-06-2020,25.68,735.8,Medical Devices,MedLife
26-04-2019,20.23,786.01,Medical Devices,HealthMart
28-07-2018,56.19,990.74,Medications,MedLife
24-06-2023,13.9,4024.52,Bandages,QuickHealth
20-06-2021,67.9,640.18,Medical Devices,QuickHealth
23-04-2019,48.36,985.83,Medical Devices,PharmaCare
18-07-2019,90.93,1949.5,Medications,PharmaCare
10-12-2018,21.36,3309.43,Bandages,QuickHealth
03-03-2023,99.52,2887.51,Medical Devices,MedLife
20-05-2022,64.49,946.3,Syringes,MedLife
27-10-2019,74.88,1467.6,Medical Devices,MediPlus
18-11-2018,47.24,4223.39,Medical Devices,QuickHealth
05-11-2020,75.67,1906.47,Bandages,HealthMart
15-09-2019,43.69,1186.88,Medical Devices,PharmaCare
10-01-2022,18.21,884.14,Medical Devices,PharmaCare
08-01-2023,77.01,2176.91,Medications,MedLife
11-09-2021,15.4,4804.81,Bandages,PharmaCare
22-07-2023,46.97,4431.23,Medical Devices,PharmaCare
09-09-2019,97.16,3201.85,Bandages,PharmaCare
06-10-2021,62.01,1457.32,Medical Devices,MediPlus
29-09-2021,86.25,2075.51,Bandages,PharmaCare
13-10-2020,78.63,3083.45,Medical Devices,MedLife
31-12-2021,97.71,4182.92,Syringes,MedLife
10-07-2023,93.62,4232.57,Bandages,PharmaCare
04-01-2020,26.24,3662.14,Bandages,HealthMart
01-06-2021,41.59,1316.33,Medications,MedLife
25-07-2022,69.16,813.13,Syringes,PharmaCare
08-01-2019,77.15,1468.1,Medical Devices,QuickHealth
16-09-2022,40.68,2165.24,Bandages,MedLife
24-04-2019,63.66,4475.04,Medications,MediPlus
09-06-2019,77.9,723.93,Syringes,HealthMart
02-04-2022,49.88,2408.07,Medical Devices,QuickHealth
05-09-2019,34.59,3897.24,Syringes,HealthMart
10-02-2023,48.69,1774.61,Medical Devices,MedLife
17-09-2020,70.04,704.38,Medical Devices,MedLife
15-02-2022,14.93,1419.9,Medications,MediPlus
11-04-2020,78.77,1802.51,Syringes,PharmaCare
27-04-2019,54.76,2437.95,Medications,QuickHealth
12-07-2020,57.93,1535.5,Bandages,PharmaCare
22-03-2021,45.74,3839.19,Medical Devices,PharmaCare
04-11-2020,51.38,850.38,Bandages,MedLife
01-09-2022,48.64,2319.9,Medical Devices,HealthMart
03-09-2019,20.37,593.85,Bandages,MediPlus
03-07-2021,82.12,3281.56,Bandages,PharmaCare
14-03-2019,49.3,976.38,Medical Devices,MedLife
05-05-2022,46.04,853.91,Bandages,HealthMart
20-04-2023,29.94,4006.03,Syringes,MedLife
19-06-2021,66.99,2887.72,Medications,HealthMart
16-01-2022,41.6,4812.01,Medications,MediPlus
01-02-2022,19.25,1651.86,Medications,MedLife
27-01-2023,23.76,3916.19,Syringes,MediPlus
27-08-2019,95.62,3325.77,Medical Devices,MedLife
12-12-2021,78.39,2520.07,Bandages,HealthMart
26-03-2021,23.59,807.29,Medical Devices,HealthMart
06-11-2022,81.67,3161.39,Bandages,MedLife
07-02-2023,16.68,2577.84,Syringes,PharmaCare
07-12-2019,43.19,1791.85,Syringes,MedLife
05-05-2023,63.47,2230.17,Syringes,QuickHealth
10-11-2021,91.81,3072.46,Medications,HealthMart
01-05-2022,64.45,2756.15,Syringes,QuickHealth
19-05-2022,19.32,4546.07,Bandages,PharmaCare
02-12-2019,55.41,1276.52,Medications,QuickHealth
25-11-2018,99.19,2858.31,Medications,HealthMart
08-12-2022,43.56,1773.02,Medical Devices,HealthMart
13-02-2019,71.1,735.64,Bandages,PharmaCare
06-03-2019,39.67,3010.83,Medical Devices,HealthMart
01-07-2020,32.68,4332.05,Medications,HealthMart
06-02-2019,17.34,3486.25,Bandages,HealthMart
14-04-2022,97.09,3643.16,Medical Devices,MediPlus
30-11-2021,63.55,4721.01,Bandages,MedLife
26-03-2023,43.9,4062.48,Medications,MedLife
21-05-2023,18.41,3517.05,Bandages,PharmaCare
14-08-2021,42.63,1311.18,Medications,HealthMart
30-07-2022,95.29,2688.22,Medications,MediPlus
22-10-2019,23.95,1831.06,Syringes,MedLife
20-08-2021,79.38,4258.04,Syringes,HealthMart
16-06-2020,88.88,3281.14,Medical Devices,MediPlus
09-12-2022,24.6,4241.05,Medications,QuickHealth
12-07-2019,13.93,2139.35,Medications,QuickHealth
03-12-2022,64.95,3885.76,Medical Devices,MediPlus
21-12-2020,58.06,1892.61,Medical Devices,MediPlus
13-04-2020,43.11,4762.09,Medical Devices,QuickHealth
31-01-2023,79.25,4001.56,Medical Devices,MediPlus
01-01-2023,83.52,4105.67,Medications,HealthMart
16-08-2018,14.7,2662.66,Bandages,MedLife
31-08-2022,94.09,3701.3,Syringes,HealthMart
07-07-2020,17.55,1221.41,Medical Devices,MedLife
02-01-2019,23.26,2468.63,Medications,QuickHealth
30-03-2019,89.62,4687.12,Medical Devices,PharmaCare
20-01-2020,45.68,2182.83,Medical Devices,PharmaCare
14-11-2018,43.74,626.84,Syringes,HealthMart
19-12-2022,81.22,1119.2,Bandages,QuickHealth
30-11-2020,72.65,1124.57,Medical Devices,QuickHealth
15-06-2021,65.38,4576.36,Syringes,HealthMart
14-06-2021,29.41,1172.84,Medical Devices,PharmaCare
31-03-2021,79.86,1569.38,Syringes,PharmaCare
22-10-2022,31.46,3375.28,Medical Devices,PharmaCare
01-08-2019,19.98,4573.16,Syringes,MedLife
13-06-2023,61.75,3733.45,Bandages,QuickHealth
01-03-2023,10.14,2087.67,Medical Devices,MediPlus
09-05-2020,69.79,885.26,Bandages,PharmaCare
03-03-2022,95.81,2948.37,Syringes,QuickHealth
24-10-2022,88.6,695.9,Medical Devices,HealthMart
13-12-2021,32.83,573.09,Syringes,HealthMart
22-04-2023,31.7,3456.97,Syringes,MedLife
25-12-2020,76.17,1996.33,Syringes,HealthMart
07-06-2021,59.14,4160.79,Medications,QuickHealth
04-12-2021,98.27,2653.39,Medications,MediPlus
14-10-2018,15.68,3992.86,Medical Devices,PharmaCare
23-12-2020,36.41,697.13,Medications,PharmaCare
05-01-2023,38.4,1895.34,Medical Devices,MedLife
20-01-2021,52.61,664.79,Medications,HealthMart
16-11-2021,42.13,4013.79,Bandages,HealthMart
01-02-2023,21.2,2156.09,Medical Devices,QuickHealth
28-02-2020,90.52,2239.9,Medications,QuickHealth
17-07-2020,72.29,2153.06,Bandages,PharmaCare
22-10-2021,75.44,855.17,Medications,MedLife
12-05-2019,36.44,961.69,Bandages,HealthMart
28-03-2023,37.58,3211.8,Medical Devices,MediPlus
03-04-2022,72.08,2081.96,Syringes,HealthMart
18-11-2019,65.34,2457.23,Syringes,PharmaCare
15-11-2019,70.41,2327.95,Medications,PharmaCare
15-03-2020,22.85,3234.08,Medical Devices,PharmaCare
21-05-2022,21.36,1561.98,Bandages,HealthMart
29-08-2021,44.46,3052.6,Medications,QuickHealth
22-04-2021,95.39,2174.06,Syringes,MedLife
09-09-2022,22.39,2151.27,Bandages,HealthMart
02-03-2019,32.47,1010.52,Medications,QuickHealth
06-02-2022,56.6,4610.94,Syringes,HealthMart
22-05-2019,79.75,3668.17,Medications,MedLife
03-02-2022,35.7,4624.16,Medical Devices,MediPlus
23-03-2022,21.04,4337.72,Medical Devices,MediPlus
09-12-2021,90.88,2503.0,Syringes,HealthMart
29-03-2021,70.11,3692.93,Bandages,HealthMart
02-08-2021,86.62,3703.14,Medications,HealthMart
21-03-2019,55.79,1046.13,Medications,MediPlus
28-05-2021,31.31,2723.1,Bandages,MedLife
25-10-2021,61.5,2603.33,Medications,MedLife
25-12-2018,89.58,795.87,Medical Devices,QuickHealth
04-06-2023,57.31,3961.24,Syringes,MediPlus
09-07-2019,97.51,3390.52,Medical Devices,QuickHealth
28-04-2022,71.21,2050.32,Medications,MediPlus
18-08-2020,48.94,4598.21,Syringes,PharmaCare
20-02-2023,56.63,1868.56,Medications,HealthMart
16-02-2019,94.13,1514.62,Bandages,PharmaCare
20-11-2022,32.55,3357.76,Bandages,MediPlus
31-08-2020,66.25,3264.93,Syringes,MedLife
29-10-2022,67.69,3163.14,Medications,MediPlus
11-11-2019,69.29,3742.85,Bandages,MedLife
27-09-2019,13.71,4387.02,Syringes,PharmaCare
06-04-2021,95.37,3969.6,Bandages,MediPlus
31-01-2022,79.03,2374.64,Syringes,QuickHealth
31-10-2020,90.01,2955.1,Bandages,QuickHealth
20-07-2022,32.04,4133.07,Medical Devices,HealthMart
09-11-2020,50.82,3598.76,Medications,QuickHealth
29-04-2021,47.41,2589.99,Bandages,MedLife
14-02-2023,22.93,4376.68,Bandages,HealthMart
29-12-2020,97.78,1088.45,Bandages,MedLife
11-07-2019,60.55,1936.02,Medical Devices,PharmaCare
12-04-2020,34.07,1615.63,Syringes,PharmaCare
30-10-2021,36.12,2228.67,Medical Devices,MediPlus
17-10-2019,96.64,4560.4,Bandages,MedLife
15-04-2020,74.9,1354.25,Medications,QuickHealth
19-01-2022,99.64,2600.67,Bandages,QuickHealth
28-10-2019,12.09,4753.55,Medical Devices,MediPlus
29-01-2020,29.36,2088.03,Syringes,HealthMart
12-09-2021,54.54,4470.53,Medical Devices,HealthMart
06-05-2020,58.3,4312.28,Medical Devices,MediPlus
03-04-2021,89.42,3773.79,Medical Devices,HealthMart
03-02-2020,14.07,730.21,Medications,HealthMart
02-02-2022,59.79,830.89,Medical Devices,MedLife
29-03-2023,35.17,4950.91,Syringes,MediPlus
08-06-2021,97.76,2272.57,Bandages,MedLife
30-06-2022,94.51,3897.34,Medications,MedLife
20-05-2021,55.82,2750.35,Syringes,PharmaCare
23-07-2019,22.33,1998.68,Medical Devices,MedLife
26-05-2020,51.13,3228.17,Medications,HealthMart
10-09-2019,93.82,1933.39,Medical Devices,MedLife
14-07-2022,76.54,1846.55,Bandages,MedLife
10-05-2022,84.55,2895.53,Bandages,QuickHealth
07-09-2019,83.42,2157.61,Syringes,QuickHealth
19-06-2020,62.53,4085.4,Syringes,MedLife
05-01-2022,52.71,4851.82,Medications,PharmaCare
24-03-2019,62.52,1267.3,Medical Devices,MediPlus
27-06-2019,83.95,1589.88,Syringes,MediPlus
25-07-2018,11.7,1911.62,Medications,QuickHealth
25-02-2021,72.15,2346.7,Medical Devices,PharmaCare
08-04-2021,73.52,2834.07,Bandages,QuickHealth
10-02-2022,57.29,1911.89,Medications,QuickHealth
19-09-2019,92.09,2040.47,Bandages,HealthMart
05-04-2023,64.91,1365.19,Medications,HealthMart
17-03-2023,60.23,1511.9,Bandages,HealthMart
29-06-2023,73.44,3606.08,Medical Devices,HealthMart
16-01-2021,53.18,3022.19,Bandages,HealthMart
30-09-2020,20.97,3544.8,Medical Devices,QuickHealth
18-01-2023,83.65,4795.74,Medications,HealthMart
27-12-2019,13.79,4798.91,Syringes,HealthMart
30-08-2018,93.16,3451.87,Medical Devices,MediPlus
27-03-2022,28.19,2923.6,Bandages,MediPlus
14-08-2020,19.83,3834.01,Medications,MediPlus
31-08-2018,14.57,4573.33,Medications,MediPlus
28-05-2020,14.72,2359.86,Medical Devices,PharmaCare
19-02-2020,71.31,1118.6,Medications,QuickHealth
24-04-2021,68.76,4462.91,Medical Devices,QuickHealth
06-10-2020,68.55,3901.6,Bandages,HealthMart
19-11-2021,35.69,766.23,Syringes,MedLife
27-02-2019,30.9,3824.09,Syringes,MediPlus
02-05-2019,47.61,4269.22,Syringes,QuickHealth
12-11-2018,80.92,1338.4,Bandages,PharmaCare
16-02-2023,10.83,3055.83,Syringes,HealthMart
16-08-2020,35.61,4950.95,Medical Devices,MediPlus
20-06-2019,86.6,2606.09,Medications,PharmaCare
27-04-2021,39.76,3790.04,Bandages,MediPlus
04-08-2019,11.27,2017.0,Bandages,MedLife
05-10-2021,70.7,1369.23,Medical Devices,QuickHealth
11-08-2022,56.38,890.32,Syringes,MediPlus
25-10-2022,98.35,2648.54,Medications,PharmaCare
22-08-2021,33.47,1559.85,Bandages,HealthMart
17-10-2022,37.18,3752.97,Syringes,HealthMart
01-06-2022,68.83,3617.46,Syringes,PharmaCare
07-05-2022,51.89,1218.73,Bandages,PharmaCare
03-10-2021,67.48,4732.86,Bandages,MedLife
16-06-2022,29.88,4808.12,Medical Devices,MediPlus
07-04-2023,50.95,4949.77,Bandages,QuickHealth
01-06-2020,73.17,4607.59,Medications,MediPlus
08-10-2018,71.23,3181.17,Syringes,MedLife
01-03-2019,50.21,3666.95,Syringes,MedLife
02-04-2019,20.1,4229.48,Medications,MedLife
28-11-2018,58.3,1240.42,Medical Devices,PharmaCare
01-07-2021,71.23,3726.13,Medical Devices,PharmaCare
29-09-2018,90.9,2504.67,Syringes,QuickHealth
03-05-2021,21.87,2369.41,Syringes,MedLife
28-06-2020,51.61,4131.12,Syringes,QuickHealth
27-12-2020,32.9,513.57,Medications,MedLife
18-02-2020,16.57,2406.64,Syringes,MedLife
10-10-2018,99.47,4705.62,Syringes,QuickHealth
26-11-2018,12.86,2339.9,Medications,QuickHealth
22-03-2020,43.7,4511.0,Medical Devices,QuickHealth
01-12-2022,43.81,3572.29,Medications,HealthMart
05-11-2021,20.68,4967.81,Medical Devices,MedLife
07-08-2022,21.46,4904.26,Syringes,PharmaCare
24-05-2023,98.06,2583.52,Medical Devices,MedLife
03-07-2022,44.13,1533.49,Medical Devices,HealthMart
25-08-2022,23.96,1348.16,Syringes,PharmaCare
12-12-2019,82.85,2386.58,Syringes,MediPlus
10-01-2021,28.55,954.04,Syringes,QuickHealth
02-04-2021,63.8,3664.79,Syringes,MediPlus
08-09-2022,76.65,2310.19,Medications,MedLife
13-01-2023,29.55,4386.79,Syringes,MediPlus
19-03-2021,55.35,1801.69,Bandages,MedLife
28-08-2019,63.81,3526.39,Bandages,MediPlus
06-09-2022,37.16,1144.67,Medications,QuickHealth
20-05-2019,37.05,774.31,Medications,QuickHealth
11-03-2020,60.03,710.98,Bandages,QuickHealth
02-07-2019,80.72,1934.31,Medical Devices,QuickHealth
20-03-2021,23.43,2194.07,Medical Devices,MediPlus
02-09-2018,86.44,1853.31,Medications,QuickHealth
06-06-2019,92.33,3030.74,Medical Devices,MedLife
06-06-2022,57.7,2247.89,Bandages,MediPlus
16-12-2019,39.72,855.82,Medical Devices,HealthMart
06-05-2023,18.32,3760.63,Medications,PharmaCare
20-10-2018,34.16,3531.52,Syringes,PharmaCare
03-11-2022,26.93,3927.63,Medications,QuickHealth
05-06-2021,28.8,4581.65,Bandages,PharmaCare
31-03-2022,29.06,1355.11,Syringes,QuickHealth
14-12-2022,92.3,3630.32,Medications,QuickHealth
10-02-2019,92.36,2984.36,Bandages,QuickHealth
19-10-2018,51.96,3419.25,Bandages,HealthMart
23-10-2018,42.37,4472.65,Medical Devices,PharmaCare
04-10-2019,82.25,3750.86,Bandages,MediPlus
08-03-2021,43.36,2362.69,Medications,MediPlus
07-01-2022,11.46,2989.9,Medical Devices,HealthMart
01-06-2019,23.72,1984.39,Medical Devices,MedLife
15-12-2022,85.0,2746.86,Bandages,HealthMart
07-05-2021,78.7,2698.79,Medical Devices,QuickHealth
10-10-2020,25.14,4077.39,Medications,MediPlus
28-07-2019,74.83,2697.42,Syringes,MedLife
20-12-2020,13.04,4310.14,Syringes,PharmaCare
17-06-2022,47.12,4291.45,Medications,PharmaCare
28-09-2020,73.65,541.14,Medical Devices,HealthMart
13-12-2018,15.44,3369.78,Medical Devices,QuickHealth
17-12-2022,11.42,2894.96,Medical Devices,PharmaCare
02-03-2020,11.51,3749.87,Bandages,PharmaCare
05-08-2021,55.2,3640.37,Medical Devices,MediPlus
18-11-2020,19.63,933.41,Medications,MediPlus
13-05-2019,27.27,2869.05,Bandages,HealthMart
23-06-2022,81.54,855.59,Medical Devices,QuickHealth
23-09-2022,60.85,4956.05,Medications,HealthMart
13-01-2021,71.56,4315.4,Syringes,PharmaCare
19-09-2020,46.48,2197.26,Medical Devices,PharmaCare
09-04-2019,67.31,3662.8,Syringes,QuickHealth
26-02-2020,86.08,3402.08,Bandages,MedLife
15-08-2022,97.96,4882.28,Syringes,MediPlus
18-10-2019,29.03,4406.53,Medical Devices,HealthMart
17-12-2021,14.19,834.57,Bandages,MedLife
15-07-2020,60.72,648.06,Bandages,PharmaCare
18-04-2019,96.53,3141.66,Medical Devices,PharmaCare
20-10-2022,36.93,3037.81,Medical Devices,MedLife
04-08-2022,39.86,3900.24,Medications,PharmaCare
25-01-2023,55.07,4884.45,Syringes,PharmaCare
25-10-2018,49.34,4274.04,Bandages,MedLife
24-12-2021,79.21,4796.86,Medical Devices,HealthMart
30-12-2021,12.67,1729.97,Medical Devices,QuickHealth
12-04-2019,30.53,2988.67,Medical Devices,QuickHealth
04-12-2019,26.72,3136.44,Medical Devices,PharmaCare
27-07-2020,79.5,1829.21,Medications,PharmaCare
02-10-2019,17.38,1193.99,Medications,QuickHealth
25-01-2022,38.5,979.48,Syringes,HealthMart
02-12-2021,50.03,3926.06,Syringes,MediPlus
23-08-2019,17.86,2439.41,Medical Devices,PharmaCare
26-04-2023,12.36,2092.61,Syringes,MedLife
30-09-2021,63.82,1959.94,Medical Devices,PharmaCare
13-02-2020,36.27,2245.1,Syringes,MedLife
09-10-2021,91.47,4901.78,Medications,QuickHealth
30-04-2021,25.26,1710.14,Bandages,QuickHealth
02-12-2020,23.13,1252.43,Bandages,QuickHealth
15-04-2019,36.98,4022.0,Bandages,HealthMart
15-04-2021,94.98,3744.05,Medical Devices,MedLife
19-08-2019,65.5,2560.38,Medications,HealthMart
02-03-2022,10.61,2280.61,Medical Devices,HealthMart
13-02-2021,49.62,2437.77,Medications,HealthMart
12-09-2018,38.86,4762.76,Medications,QuickHealth
14-12-2020,38.28,4840.59,Bandages,HealthMart
25-08-2021,76.14,3348.06,Medications,HealthMart
06-10-2022,43.84,4174.23,Medical Devices,HealthMart
21-06-2020,20.25,3037.33,Medications,MedLife
07-10-2018,12.42,3772.46,Medications,QuickHealth
29-07-2020,81.79,4240.77,Syringes,QuickHealth
12-02-2019,70.57,1126.31,Bandages,MediPlus
04-06-2019,32.74,1193.64,Medical Devices,QuickHealth
17-03-2020,16.66,4958.15,Medical Devices,MedLife
14-01-2021,46.07,2779.76,Medical Devices,MedLife
07-04-2020,13.31,4857.93,Syringes,PharmaCare
26-06-2023,79.21,3459.21,Bandages,MediPlus
05-08-2018,68.23,699.34,Medical Devices,HealthMart
19-12-2021,96.91,2437.05,Syringes,PharmaCare
16-08-2021,33.29,2798.04,Medications,QuickHealth
24-03-2020,43.67,2583.78,Medications,HealthMart
08-05-2020,99.79,2672.47,Bandages,QuickHealth
15-12-2018,92.85,886.35,Medications,HealthMart
22-11-2022,38.07,2549.0,Medications,MedLife
09-03-2022,53.46,2642.73,Medical Devices,QuickHealth
26-05-2021,38.7,1851.19,Syringes,PharmaCare
17-06-2021,86.43,3415.86,Medications,MediPlus
09-02-2021,56.44,2983.6,Bandages,MedLife
11-06-2023,48.37,2579.24,Medical Devices,MediPlus
04-11-2021,26.77,3457.89,Medical Devices,PharmaCare
21-11-2021,76.36,4473.94,Medical Devices,MedLife
13-03-2021,48.66,520.03,Medications,MediPlus
07-12-2018,35.05,3666.92,Syringes,MedLife
22-01-2022,19.16,4423.91,Medications,HealthMart
29-06-2022,39.34,2558.98,Bandages,QuickHealth
22-09-2019,57.49,3375.99,Medical Devices,MedLife
19-11-2020,45.33,1014.04,Bandages,QuickHealth
28-12-2019,65.56,4161.82,Bandages,MedLife
07-04-2021,63.12,3524.5,Bandages,PharmaCare
28-09-2018,31.47,1026.27,Bandages,MediPlus
24-04-2020,55.97,2382.08,Medications,MedLife
29-04-2022,44.53,1335.89,Medications,MedLife
19-06-2023,25.02,1799.76,Medications,HealthMart
01-04-2022,85.78,3287.34,Bandages,PharmaCare
21-07-2022,53.61,1378.08,Medical Devices,MedLife
26-09-2021,55.49,2727.36,Medical Devices,QuickHealth
10-04-2022,73.91,2497.33,Medications,PharmaCare
25-10-2019,60.89,4081.46,Medications,HealthMart
31-03-2019,12.94,1511.8,Bandages,MediPlus
07-03-2021,80.27,3045.43,Medical Devices,MedLife
24-03-2022,55.97,3077.21,Bandages,MedLife
09-04-2020,84.1,2150.88,Syringes,QuickHealth
23-12-2019,59.17,4953.99,Syringes,MediPlus
27-10-2020,36.79,4996.91,Medical Devices,HealthMart
14-12-2021,41.37,4175.28,Medical Devices,PharmaCare
29-09-2019,79.81,1566.26,Bandages,MedLife
19-07-2020,66.95,1246.92,Medications,MediPlus
02-06-2019,83.22,4124.48,Bandages,MedLife
21-04-2019,35.3,2924.46,Bandages,HealthMart
05-01-2020,36.04,1703.04,Syringes,MediPlus
12-08-2022,96.65,4035.61,Syringes,HealthMart
19-07-2019,88.03,1071.0,Medications,MediPlus
30-07-2018,23.16,1949.44,Medications,QuickHealth
23-06-2020,54.05,3098.41,Bandages,QuickHealth
23-03-2023,43.77,839.82,Syringes,QuickHealth
26-10-2019,56.41,1752.02,Bandages,QuickHealth
11-01-2020,95.52,1972.8,Syringes,PharmaCare
07-02-2020,75.78,2563.02,Bandages,PharmaCare
14-08-2019,81.61,2289.72,Medical Devices,MediPlus
29-08-2019,54.52,1952.89,Bandages,HealthMart
09-01-2020,59.26,1087.67,Medical Devices,HealthMart
29-02-2020,90.47,3930.14,Syringes,PharmaCare
18-04-2020,66.36,4265.16,Syringes,PharmaCare
13-11-2019,93.65,1210.93,Medical Devices,PharmaCare
12-07-2021,99.27,2425.1,Medications,HealthMart
13-10-2021,24.31,4697.27,Bandages,PharmaCare
28-07-2021,68.91,1626.75,Bandages,MediPlus
03-02-2023,14.66,3315.22,Medications,QuickHealth
20-01-2023,68.99,3666.64,Syringes,MediPlus
26-07-2019,52.91,1097.15,Medications,MedLife
23-02-2020,71.2,541.79,Bandages,PharmaCare
20-04-2022,98.93,2400.41,Medications,QuickHealth
22-02-2022,16.37,2223.81,Syringes,PharmaCare
24-08-2019,38.2,4464.45,Medications,QuickHealth
09-01-2021,79.61,3889.21,Medications,MediPlus
06-07-2020,16.16,3034.81,Medications,QuickHealth
11-01-2023,41.61,1458.75,Medications,QuickHealth
27-08-2021,65.45,2490.73,Medications,PharmaCare
04-04-2023,90.69,1130.06,Syringes,MedLife
27-05-2019,75.7,2081.91,Medical Devices,HealthMart
07-01-2023,81.2,1615.04,Syringes,MediPlus
14-11-2020,59.81,3200.04,Bandages,PharmaCare
09-12-2020,86.31,3462.82,Bandages,MediPlus
01-04-2023,56.6,2792.85,Medical Devices,HealthMart
05-02-2020,68.16,4027.11,Medications,QuickHealth
26-12-2021,44.73,1584.87,Syringes,MedLife
10-06-2021,89.99,554.3,Bandages,HealthMart
09-03-2023,21.88,4373.66,Medical Devices,HealthMart
30-09-2022,59.17,1277.47,Medical Devices,PharmaCare
06-12-2018,11.5,803.9,Bandages,MediPlus
01-01-2021,13.58,772.11,Medical Devices,MedLife
29-10-2019,35.78,3706.83,Medical Devices,QuickHealth
31-10-2021,73.16,870.93,Medications,HealthMart
13-09-2019,17.52,855.6,Medications,MediPlus
05-07-2023,58.28,2258.29,Syringes,HealthMart
08-02-2022,72.88,3784.81,Medications,PharmaCare
04-09-2018,32.0,4660.82,Syringes,QuickHealth
05-06-2022,65.11,747.63,Medications,PharmaCare
17-08-2019,11.14,1117.45,Syringes,MediPlus
24-08-2021,54.68,2060.17,Bandages,MediPlus
21-12-2018,43.47,3873.99,Bandages,PharmaCare
31-08-2019,79.43,632.1,Medical Devices,HealthMart
05-10-2019,57.15,1683.27,Syringes,QuickHealth
23-05-2019,50.97,2120.56,Medical Devices,MedLife
24-04-2022,25.02,1207.89,Syringes,MedLife
04-12-2018,70.67,1019.0,Syringes,PharmaCare
16-12-2021,87.28,555.3,Syringes,QuickHealth
26-06-2019,42.76,4641.02,Medications,PharmaCare
08-10-2019,59.76,4612.76,Medical Devices,MediPlus
17-03-2022,38.96,2373.15,Bandages,HealthMart
12-04-2022,84.34,3071.91,Syringes,MedLife
07-09-2018,70.6,737.02,Medications,MedLife
09-04-2022,98.33,4793.36,Syringes,QuickHealth
04-07-2023,87.94,3980.87,Bandages,HealthMart
18-07-2021,17.77,2555.36,Bandages,MediPlus
12-11-2019,36.24,4030.28,Medications,QuickHealth
24-02-2020,43.14,4873.36,Medications,MedLife
01-01-2019,78.44,1603.07,Syringes,QuickHealth
13-09-2022,12.15,2936.95,Syringes,HealthMart
31-01-2020,10.13,3457.87,Bandages,PharmaCare
29-05-2020,28.47,4924.02,Medical Devices,QuickHealth
15-07-2022,96.51,4876.52,Medications,HealthMart
12-07-2023,18.37,4645.73,Medical Devices,HealthMart
27-10-2021,51.26,3865.55,Syringes,MedLife
27-03-2021,22.02,4189.83,Syringes,MedLife
14-05-2020,61.1,2457.42,Medications,MediPlus
29-03-2019,36.25,4329.11,Medical Devices,HealthMart
28-09-2021,38.63,1723.8,Syringes,MediPlus
09-03-2020,22.25,3965.66,Syringes,MediPlus
24-02-2021,19.51,2523.05,Bandages,QuickHealth
12-12-2020,20.87,2112.29,Medications,QuickHealth
19-01-2023,37.75,1692.54,Syringes,PharmaCare
22-06-2023,24.19,3587.25,Syringes,MediPlus
29-01-2023,85.23,1975.07,Syringes,MediPlus
17-11-2020,97.16,2283.1,Syringes,HealthMart
26-11-2020,33.42,4958.04,Syringes,QuickHealth
07-01-2020,86.91,3001.79,Medications,PharmaCare
27-01-2020,51.58,4117.54,Medications,PharmaCare
08-06-2020,11.08,4236.68,Medications,MediPlus
10-10-2021,27.83,2302.62,Syringes,MedLife
07-06-2022,62.75,4628.43,Syringes,PharmaCare
12-08-2019,99.74,1389.88,Medical Devices,MediPlus
31-10-2022,18.28,4312.74,Bandages,PharmaCare
14-01-2020,13.84,2574.48,Medications,MedLife
02-02-2021,48.98,3759.94,Medical Devices,PharmaCare
21-02-2022,44.45,2419.99,Bandages,MediPlus
21-01-2021,91.75,1737.42,Medical Devices,MediPlus
10-01-2019,13.12,3286.29,Medications,HealthMart
15-07-2023,54.9,4472.5,Medical Devices,PharmaCare
17-11-2019,17.89,2223.57,Medical Devices,MediPlus
05-08-2019,67.84,4087.39,Medications,MedLife
16-02-2020,81.54,4952.32,Bandages,QuickHealth
10-08-2020,59.01,2681.06,Bandages,QuickHealth
03-07-2023,34.34,617.28,Medications,PharmaCare
13-08-2022,90.62,4003.42,Syringes,QuickHealth
09-02-2019,57.65,3950.79,Medications,MediPlus
22-01-2023,19.01,3455.89,Bandages,MedLife
05-03-2019,83.47,4627.67,Syringes,MediPlus
26-09-2019,61.81,4921.99,Medical Devices,HealthMart
20-03-2023,94.17,4961.94,Medications,MediPlus
11-11-2018,31.29,1931.02,Bandages,MedLife
18-11-2022,12.54,3652.52,Medications,MedLife
25-03-2020,95.35,4265.14,Medical Devices,MedLife
29-06-2020,37.81,2706.96,Syringes,PharmaCare
17-01-2019,30.94,1484.64,Medical Devices,PharmaCare
09-08-2019,39.86,3263.61,Medications,HealthMart
21-01-2022,74.52,4634.51,Bandages,PharmaCare
09-10-2019,11.97,3139.74,Medications,PharmaCare
13-04-2019,86.18,4373.01,Syringes,HealthMart
25-03-2022,73.41,3479.63,Syringes,HealthMart
11-11-2021,37.16,1114.03,Medications,QuickHealth
23-11-2020,81.27,4822.98,Bandages,MediPlus
16-09-2018,73.65,3028.9,Bandages,MediPlus
26-12-2018,69.9,4165.04,Medical Devices,HealthMart
04-05-2021,76.06,1825.33,Medications,PharmaCare
31-07-2022,95.39,4769.14,Medical Devices,MedLife
24-08-2020,12.91,3210.75,Medications,MedLife
26-02-2022,19.37,2732.83,Bandages,PharmaCare
24-06-2019,31.42,4920.71,Medications,PharmaCare
16-09-2019,83.95,3515.11,Bandages,QuickHealth
02-01-2020,11.03,1443.58,Syringes,HealthMart
31-12-2019,33.1,986.16,Syringes,PharmaCare
12-03-2019,44.73,3796.63,Medications,QuickHealth
21-11-2018,54.38,2204.21,Medical Devices,PharmaCare
18-08-2018,84.59,4049.28,Medications,MediPlus
11-02-2021,50.62,4096.38,Syringes,HealthMart
04-06-2020,11.81,1675.07,Syringes,PharmaCare
07-02-2019,40.76,4495.69,Medications,PharmaCare
21-12-2021,59.23,4541.56,Syringes,HealthMart
17-02-2021,63.46,3261.4,Medical Devices,PharmaCare
05-02-2023,48.82,3441.36,Medical Devices,MediPlus
02-05-2023,14.82,1989.93,Medications,QuickHealth
16-07-2020,72.75,3749.17,Bandages,HealthMart
11-08-2018,36.77,931.62,Medical Devices,MedLife
13-04-2023,59.47,2709.27,Syringes,HealthMart
13-07-2019,10.34,894.33,Medical Devices,MediPlus
12-09-2020,18.73,1431.29,Bandages,PharmaCare
18-02-2019,52.62,1019.79,Medical Devices,QuickHealth
27-04-2023,54.02,3474.68,Syringes,MedLife
28-12-2021,44.88,2169.59,Medical Devices,HealthMart
22-08-2019,26.79,700.78,Medical Devices,QuickHealth
03-08-2022,33.71,4266.85,Syringes,MediPlus
23-03-2019,77.7,3503.61,Syringes,HealthMart
03-11-2021,82.74,2362.94,Medications,MedLife
11-10-2019,15.49,2241.98,Medical Devices,MedLife
12-07-2022,71.84,4713.63,Medications,QuickHealth
21-03-2020,36.9,2276.62,Syringes,MedLife
25-01-2020,61.41,2825.68,Medications,PharmaCare
19-03-2020,95.43,2520.68,Medications,MediPlus
27-11-2020,82.76,1067.84,Medical Devices,PharmaCare
25-09-2018,98.95,2459.27,Medications,MedLife
03-04-2020,33.21,4598.62,Syringes,PharmaCare
06-01-2021,44.93,2288.1,Bandages,HealthMart
15-06-2019,56.77,4627.23,Syringes,MedLife
19-08-2020,62.88,4017.59,Syringes,QuickHealth
06-05-2021,23.47,3049.67,Syringes,PharmaCare
12-06-2020,60.64,954.46,Bandages,MedLife
08-07-2020,89.21,4450.52,Bandages,QuickHealth
26-08-2022,68.93,3074.1,Medical Devices,PharmaCare
05-06-2019,25.5,2313.38,Medical Devices,PharmaCare
15-08-2018,45.62,4455.31,Medications,PharmaCare
21-08-2020,77.12,4643.76,Bandages,PharmaCare
28-03-2019,40.41,4071.43,Bandages,HealthMart
02-08-2022,85.86,4362.06,Syringes,MediPlus
09-08-2018,22.09,4883.99,Medical Devices,HealthMart
19-09-2018,34.25,2375.48,Syringes,MediPlus
24-06-2021,49.75,4610.45,Medical Devices,QuickHealth
27-12-2021,78.35,4402.35,Syringes,MedLife
23-02-2021,81.23,795.28,Medical Devices,MediPlus
05-10-2018,80.25,2859.29,Syringes,MediPlus
24-11-2021,27.35,4248.18,Syringes,MediPlus
20-06-2020,12.98,727.52,Bandages,MediPlus
03-05-2022,34.66,4205.78,Medical Devices,PharmaCare
18-02-2023,71.31,1588.72,Medical Devices,MedLife
07-07-2019,50.15,4822.34,Medical Devices,MedLife
13-11-2018,59.62,2049.12,Bandages,PharmaCare
02-07-2020,35.66,2239.55,Medications,MedLife
14-08-2022,80.18,1464.43,Medications,MediPlus
01-01-2020,70.99,1710.88,Medical Devices,MedLife
31-07-2019,11.8,4011.37,Syringes,QuickHealth
14-01-2019,92.04,3413.17,Syringes,MediPlus
10-06-2022,32.72,4122.89,Bandages,HealthMart
06-07-2019,48.14,2194.14,Bandages,QuickHealth
11-02-2020,32.68,2600.14,Medical Devices,MedLife
27-11-2019,19.21,2801.81,Bandages,MedLife
22-02-2021,68.26,3240.73,Bandages,PharmaCare
27-09-2020,53.36,2013.28,Bandages,HealthMart
15-09-2022,87.53,1675.16,Bandages,MediPlus
04-07-2019,23.49,3944.63,Syringes,MedLife
06-04-2020,46.37,1938.14,Medications,PharmaCare
21-02-2019,68.99,4988.61,Bandages,QuickHealth
16-06-2023,46.41,3815.29,Medications,HealthMart
24-11-2018,75.39,1500.63,Medical Devices,HealthMart
04-05-2022,55.66,4304.39,Medications,HealthMart
25-06-2023,18.78,1075.75,Bandages,MedLife
03-05-2019,78.66,1323.81,Bandages,PharmaCare
30-07-2021,30.0,1504.98,Bandages,QuickHealth
07-11-2019,80.93,1990.93,Bandages,MedLife
25-10-2020,36.46,4330.46,Medical Devices,PharmaCare
08-10-2021,87.98,3126.09,Syringes,QuickHealth
15-05-2019,90.05,2752.15,Medical Devices,MedLife
26-12-2022,36.85,743.28,Medications,MediPlus
02-11-2021,99.31,2042.01,Medical Devices,MediPlus
06-06-2023,38.47,3720.51,Syringes,QuickHealth
22-06-2021,39.94,4939.88,Bandages,PharmaCare
02-08-2019,10.42,1730.88,Medications,MedLife
12-02-2020,78.8,2703.1,Syringes,MediPlus
12-01-2023,65.3,3350.69,Medical Devices,QuickHealth
25-12-2019,96.88,2224.92,Syringes,MedLife
14-10-2019,27.95,2178.96,Syringes,HealthMart
16-08-2019,78.12,2889.65,Syringes,PharmaCare
11-12-2020,66.4,1619.7,Bandages,HealthMart
10-09-2022,21.6,2225.98,Bandages,MediPlus
17-05-2023,15.88,705.73,Bandages,QuickHealth
24-07-2019,75.5,3183.66,Bandages,QuickHealth
10-06-2023,89.92,4979.63,Bandages,QuickHealth
18-01-2021,42.33,1347.92,Medical Devices,PharmaCare
28-04-2021,30.56,3772.26,Medications,MediPlus
10-01-2020,76.07,3153.62,Medications,PharmaCare
06-04-2019,42.99,3427.43,Syringes,QuickHealth
07-11-2020,88.89,1651.05,Syringes,MedLife
08-07-2021,99.52,3478.86,Syringes,PharmaCare
19-11-2022,72.08,2375.49,Medical Devices,PharmaCare
24-10-2018,59.26,2634.78,Medications,MediPlus
06-08-2022,72.57,3336.4,Bandages,QuickHealth
08-04-2020,69.55,3481.17,Bandages,MedLife
22-11-2018,64.51,1117.24,Syringes,MedLife
12-04-2023,74.69,1029.81,Syringes,PharmaCare
12-01-2019,54.8,3240.51,Bandages,MedLife
20-12-2018,97.58,2110.65,Medical Devices,HealthMart
17-04-2020,24.43,2966.62,Medications,QuickHealth
09-08-2020,39.75,512.32,Syringes,PharmaCare
04-10-2020,85.17,3510.6,Medications,PharmaCare
30-01-2022,80.16,837.72,Syringes,HealthMart
19-10-2022,67.99,2555.38,Bandages,HealthMart
19-02-2019,51.78,949.14,Medications,PharmaCare
16-01-2019,86.7,2120.97,Bandages,QuickHealth
23-04-2022,76.47,927.49,Syringes,PharmaCare
20-12-2022,86.68,3485.1,Medications,HealthMart
22-01-2019,42.18,2469.72,Bandages,PharmaCare
01-10-2020,43.54,2042.25,Syringes,QuickHealth
15-12-2021,46.02,2554.42,Medical Devices,QuickHealth
04-01-2019,81.99,3419.81,Medications,PharmaCare
20-07-2023,21.93,3768.85,Medications,PharmaCare
03-03-2021,47.44,3158.38,Medical Devices,MediPlus
02-10-2021,65.02,4006.24,Syringes,MediPlus
16-12-2020,53.48,2696.55,Medical Devices,QuickHealth
22-06-2019,14.14,1677.26,Bandages,PharmaCare
18-06-2021,73.41,3550.68,Medications,HealthMart
04-04-2020,56.72,3597.09,Syringes,QuickHealth
24-01-2023,69.55,1618.6,Bandages,QuickHealth
17-03-2019,23.38,4218.97,Syringes,PharmaCare
02-06-2020,67.91,1206.17,Medical Devices,QuickHealth
01-02-2019,88.25,836.89,Medical Devices,HealthMart
25-04-2019,31.68,4865.65,Syringes,MedLife
25-05-2022,30.04,3394.93,Medical Devices,MediPlus
30-03-2022,17.09,2498.85,Medical Devices,PharmaCare
24-07-2020,87.09,2511.81,Syringes,QuickHealth
07-08-2019,77.07,579.96,Medical Devices,QuickHealth
09-02-2022,13.22,2970.94,Syringes,MedLife
27-09-2022,96.69,3368.92,Medications,QuickHealth
24-01-2019,95.53,2135.04,Syringes,MediPlus
06-01-2023,85.99,1993.88,Medical Devices,HealthMart
23-02-2022,74.43,1013.11,Medications,PharmaCare
06-04-2023,40.72,4234.48,Bandages,MedLife
09-11-2018,56.98,3659.43,Syringes,MediPlus
02-10-2022,54.32,4198.27,Medical Devices,PharmaCare
12-10-2020,32.89,1381.65,Syringes,QuickHealth
17-12-2019,29.4,4210.49,Medications,HealthMart
29-05-2021,19.7,2365.12,Syringes,QuickHealth
20-04-2020,51.16,3151.92,Medications,QuickHealth
20-12-2019,10.39,3812.96,Medical Devices,MedLife
10-12-2020,53.46,2787.5,Medications,MedLife
21-08-2022,25.63,4168.6,Syringes,QuickHealth
09-05-2023,69.18,3227.72,Bandages,MedLife
26-07-2018,89.33,2383.99,Medications,HealthMart
21-05-2019,45.81,2042.86,Bandages,QuickHealth
02-12-2018,82.43,1121.81,Bandages,MedLife
25-05-2019,87.46,3703.43,Medications,MediPlus
20-04-2019,28.87,3714.73,Bandages,MediPlus
22-07-2022,98.32,3425.39,Medications,MedLife
18-07-2023,58.82,3365.95,Syringes,HealthMart
20-03-2019,60.61,3122.63,Medical Devices,MedLife
18-06-2020,35.73,4312.85,Syringes,MedLife
08-09-2019,19.58,2213.92,Syringes,PharmaCare
21-02-2020,27.99,3875.83,Medications,HealthMart
20-11-2021,71.51,1158.93,Syringes,HealthMart
25-11-2019,28.36,2935.27,Bandages,QuickHealth
17-09-2022,19.22,4406.16,Medications,MedLife
05-02-2019,45.0,2799.15,Bandages,PharmaCare
11-07-2021,93.38,2244.0,Bandages,MedLife
30-09-2019,14.84,3846.51,Medications,MedLife
15-01-2021,88.2,4372.0,Medical Devices,MediPlus
23-06-2019,92.03,3670.83,Bandages,MedLife
27-07-2021,59.2,3215.24,Medications,HealthMart
05-12-2019,50.39,4925.54,Syringes,MediPlus
15-11-2020,96.62,3807.86,Syringes,QuickHealth
14-11-2021,13.66,1756.01,Bandages,MediPlus
05-09-2021,24.48,4307.06,Syringes,HealthMart
30-04-2019,51.97,4718.73,Syringes,MediPlus
22-01-2020,93.58,3185.96,Bandages,QuickHealth
06-11-2020,81.09,2975.72,Syringes,HealthMart
07-09-2021,57.29,4806.44,Syringes,MedLife
25-12-2022,24.34,2943.86,Medical Devices,PharmaCare
15-11-2018,41.45,4475.29,Bandages,HealthMart
02-04-2020,42.47,1483.0,Medical Devices,MedLife
22-08-2020,84.13,4915.1,Syringes,PharmaCare
15-11-2022,70.2,2505.5,Medications,PharmaCare
24-06-2022,71.43,1944.22,Syringes,QuickHealth
20-03-2020,33.09,3757.89,Syringes,MedLife
23-06-2021,83.99,2187.31,Medical Devices,QuickHealth
03-09-2022,13.95,4542.27,Medications,HealthMart
08-04-2019,56.25,4766.95,Medications,MedLife
08-11-2019,57.99,3321.2,Medications,MediPlus
13-03-2020,87.85,2408.94,Syringes,MediPlus
28-09-2019,58.4,3662.34,Medical Devices,PharmaCare
28-11-2021,77.22,1191.9,Medical Devices,HealthMart
15-09-2020,13.41,829.62,Medications,HealthMart
09-11-2022,60.23,3087.33,Medications,HealthMart
11-01-2021,46.69,2530.07,Medical Devices,QuickHealth
21-03-2022,38.48,2252.76,Syringes,MedLife
02-03-2021,10.53,3741.29,Syringes,MedLife
10-11-2020,14.1,4317.13,Bandages,MedLife
19-04-2019,19.55,4041.01,Bandages,MedLife
17-02-2019,17.79,3943.73,Medical Devices,QuickHealth
19-05-2019,45.56,3473.25,Medical Devices,MediPlus
27-05-2021,58.01,1113.72,Medical Devices,MedLife
02-03-2023,36.55,3353.21,Bandages,HealthMart
27-05-2023,96.17,550.18,Medications,PharmaCare
28-06-2021,13.76,3077.23,Medical Devices,MedLife
18-10-2022,59.28,883.07,Medications,HealthMart
04-09-2020,29.06,4575.33,Medications,MediPlus
26-01-2019,26.56,3275.98,Bandages,MediPlus
01-07-2019,20.32,3519.4,Syringes,MedLife
27-08-2022,51.51,2973.49,Bandages,PharmaCare
16-05-2023,32.56,1388.38,Medical Devices,HealthMart
25-05-2021,42.14,3520.83,Medications,PharmaCare
19-09-2021,35.66,814.14,Medications,HealthMart
13-08-2018,53.73,1977.56,Bandages,MedLife
12-03-2022,23.72,3050.88,Bandages,QuickHealth
24-11-2019,25.18,1909.47,Medications,QuickHealth
08-12-2020,34.9,2117.69,Bandages,QuickHealth
18-09-2019,51.66,2114.34,Bandages,QuickHealth
13-08-2020,59.65,1290.97,Syringes,HealthMart
22-04-2020,87.28,1130.01,Medications,HealthMart
27-10-2018,76.02,3319.78,Syringes,PharmaCare
04-11-2019,86.46,3342.32,Medical Devices,MedLife
21-06-2023,29.15,664.95,Bandages,MedLife
29-11-2019,90.46,2928.55,Medications,HealthMart
14-09-2020,45.32,4511.47,Bandages,MediPlus
12-01-2021,51.82,2796.85,Medical Devices,HealthMart
14-01-2023,55.2,3482.05,Medications,MedLife
20-08-2018,22.63,1216.5,Medications,QuickHealth
04-02-2022,94.53,681.89,Medical Devices,MediPlus
05-12-2018,15.66,2162.46,Syringes,MediPlus
15-08-2020,56.61,4061.57,Medical Devices,QuickHealth
19-12-2018,92.61,4466.98,Syringes,HealthMart
25-09-2020,19.29,4857.99,Bandages,HealthMart
11-06-2022,62.08,3065.72,Medical Devices,QuickHealth
23-04-2023,42.88,3440.01,Syringes,MedLife
08-03-2019,32.64,4877.03,Medications,MedLife
16-03-2021,46.53,4177.57,Bandages,QuickHealth
04-04-2022,81.34,4492.27,Syringes,MedLife
30-05-2021,89.38,2479.54,Medications,PharmaCare
18-04-2021,56.31,1763.64,Medications,MediPlus
30-06-2021,24.16,3209.09,Syringes,MediPlus
27-06-2023,47.32,1986.01,Syringes,QuickHealth
28-05-2022,70.77,2655.6,Medications,QuickHealth
06-12-2022,12.02,694.15,Medications,MediPlus
16-03-2020,66.66,676.36,Medications,PharmaCare
20-07-2020,24.97,4651.01,Medical Devices,MedLife
03-06-2022,97.23,3369.3,Bandages,PharmaCare
31-07-2018,29.49,3229.37,Medical Devices,QuickHealth
04-09-2021,25.35,4236.64,Medications,MedLife
15-05-2022,83.84,1318.48,Bandages,MediPlus
27-06-2022,75.18,2042.02,Medical Devices,MedLife
31-07-2020,63.15,1534.16,Medical Devices,MediPlus
12-06-2022,19.77,1410.57,Medical Devices,MediPlus
11-09-2019,64.5,1298.4,Syringes,MedLife
07-06-2023,55.3,1028.82,Medical Devices,MediPlus
17-08-2018,91.18,2926.79,Syringes,QuickHealth
17-12-2018,56.98,2166.7,Syringes,MedLife
22-01-2021,48.61,4722.9,Medical Devices,QuickHealth
28-06-2019,41.55,4120.79,Syringes,QuickHealth
13-06-2020,22.05,2647.14,Medications,PharmaCare
21-07-2019,35.49,4445.45,Medical Devices,HealthMart
19-07-2022,27.01,3691.17,Syringes,MedLife
16-04-2022,57.03,2838.93,Medical Devices,MediPlus
17-07-2019,71.9,1921.56,Bandages,PharmaCare
13-07-2022,23.93,3432.09,Bandages,HealthMart
01-11-2018,86.95,2406.03,Bandages,MedLife
29-12-2022,34.8,3562.73,Medications,QuickHealth
06-06-2021,59.69,3009.03,Medications,HealthMart
06-09-2021,60.32,2676.92,Bandages,MedLife
22-11-2019,40.99,3674.73,Medications,PharmaCare
28-02-2022,77.3,2509.68,Medications,PharmaCare
23-09-2019,29.3,2302.52,Bandages,MedLife
26-01-2022,65.26,3580.54,Syringes,MediPlus
03-12-2018,45.02,3361.44,Syringes,MediPlus
16-07-2023,52.45,3201.1,Syringes,PharmaCare
18-10-2020,33.68,2168.76,Syringes,QuickHealth
03-08-2018,93.76,2302.9,Bandages,MedLife
03-02-2021,15.17,3981.24,Medications,QuickHealth
18-04-2022,49.51,1407.68,Bandages,MediPlus
24-12-2018,13.02,3197.82,Medications,MedLife
08-01-2021,25.25,662.28,Medications,PharmaCare
01-10-2019,97.81,890.79,Bandages,QuickHealth
18-10-2018,41.78,2278.14,Medications,MedLife
08-04-2023,11.38,3666.3,Syringes,MedLife
19-03-2022,35.6,4233.94,Bandages,HealthMart
28-10-2020,96.7,1744.29,Medications,QuickHealth
17-01-2023,93.67,3087.08,Bandages,MediPlus
03-09-2020,46.64,979.09,Syringes,MedLife
22-05-2023,36.48,4761.57,Bandages,MedLife
04-09-2019,83.18,3087.02,Medical Devices,QuickHealth
07-05-2019,60.69,3964.85,Bandages,QuickHealth
11-08-2021,71.34,4534.36,Syringes,QuickHealth
22-03-2022,20.46,803.99,Medications,MediPlus
30-10-2018,82.01,2355.92,Bandages,MedLife
14-04-2019,58.21,3653.68,Bandages,MediPlus
08-11-2021,35.86,2295.19,Bandages,PharmaCare
07-12-2020,59.91,1303.19,Bandages,HealthMart
16-09-2020,29.67,3081.71,Medications,MediPlus
10-12-2022,54.91,1398.5,Medications,HealthMart
15-09-2018,28.61,1412.45,Medications,MedLife
26-04-2021,42.04,4005.22,Syringes,PharmaCare
10-09-2018,70.82,3485.41,Syringes,MedLife
07-03-2019,96.22,4316.05,Bandages,MedLife
21-08-2019,38.39,4541.55,Bandages,QuickHealth
29-04-2023,26.46,3939.18,Bandages,QuickHealth
06-12-2019,29.99,3094.99,Syringes,MedLife
28-08-2022,81.93,2652.44,Syringes,MedLife
06-01-2019,41.26,4371.8,Medications,QuickHealth
15-04-2023,97.89,3642.1,Medical Devices,HealthMart
01-02-2021,72.03,553.19,Medications,QuickHealth
20-02-2022,62.29,1964.46,Bandages,MediPlus
04-02-2021,59.37,1567.13,Medical Devices,MedLife
25-01-2019,40.88,1327.61,Medical Devices,MediPlus
07-07-2021,47.72,3884.88,Bandages,QuickHealth
24-12-2020,35.17,1309.5,Medications,MedLife
15-03-2023,71.74,4163.86,Bandages,MediPlus
14-09-2022,59.98,4353.39,Medications,MediPlus
07-11-2021,82.0,3823.44,Medical Devices,PharmaCare
16-12-2018,25.89,2748.19,Bandages,QuickHealth
01-03-2022,37.0,3029.62,Syringes,QuickHealth
16-09-2021,18.91,1235.04,Medications,HealthMart
25-05-2020,52.89,3334.38,Medical Devices,HealthMart
25-01-2021,33.38,2121.38,Bandages,HealthMart
25-08-2018,11.79,1045.57,Medications,MedLife
11-07-2020,61.83,3421.09,Medications,HealthMart
10-12-2019,41.96,3529.37,Medical Devices,QuickHealth
25-04-2022,90.07,2214.82,Bandages,QuickHealth
27-05-2020,66.85,1151.82,Medications,HealthMart
26-07-2020,47.96,3255.4,Medical Devices,PharmaCare
23-10-2022,17.12,2046.31,Bandages,HealthMart
08-08-2020,68.77,3696.95,Medical Devices,HealthMart
12-05-2022,89.89,4014.38,Bandages,MedLife
18-03-2020,56.88,2526.3,Medications,MediPlus
06-05-2022,86.88,1062.68,Medications,HealthMart
17-05-2020,94.64,3653.14,Syringes,MediPlus
16-10-2020,25.02,963.54,Syringes,QuickHealth
26-02-2021,59.36,618.64,Medical Devices,MedLife
09-04-2021,78.85,874.63,Bandages,MedLife
09-08-2021,23.97,3446.75,Medical Devices,HealthMart
13-10-2022,30.64,3819.17,Medical Devices,MediPlus
29-12-2021,21.81,4273.33,Syringes,PharmaCare
05-09-2022,69.72,4371.66,Bandages,QuickHealth
16-11-2020,52.05,4419.04,Bandages,MedLife
18-02-2022,50.04,4862.94,Medications,MedLife
10-09-2021,63.78,3339.71,Medical Devices,MedLife
02-01-2023,67.58,2902.03,Bandages,QuickHealth
27-01-2022,58.57,4121.18,Medical Devices,HealthMart
28-07-2022,42.92,1669.13,Bandages,PharmaCare
03-03-2020,10.01,4169.21,Medications,HealthMart
15-02-2020,35.81,2907.94,Medical Devices,QuickHealth
27-12-2018,36.96,3946.41,Bandages,MedLife
13-09-2018,30.81,532.48,Bandages,MediPlus
13-01-2020,47.06,3022.49,Medical Devices,MediPlus
27-02-2020,24.69,3817.03,Medical Devices,QuickHealth
20-09-2018,29.85,856.44,Medications,MedLife
09-02-2020,78.81,4594.79,Bandages,HealthMart
20-01-2022,68.36,2893.75,Bandages,QuickHealth
23-12-2021,26.92,808.09,Medications,HealthMart
07-04-2022,19.93,2549.04,Medical Devices,HealthMart
25-02-2022,73.04,2713.98,Bandages,PharmaCare
04-02-2019,23.69,4863.72,Syringes,MediPlus
16-04-2023,97.51,1769.52,Medications,QuickHealth
26-12-2019,75.44,1547.65,Medications,PharmaCare
07-02-2021,54.42,2038.61,Bandages,QuickHealth
28-06-2023,99.82,2586.58,Syringes,HealthMart
07-12-2021,17.22,3877.56,Medications,PharmaCare
11-11-2020,33.99,2265.9,Medical Devices,MediPlus
19-06-2019,27.3,4286.93,Medical Devices,PharmaCare
16-05-2020,20.98,3956.66,Medications,QuickHealth
08-08-2021,79.41,2493.32,Syringes,MediPlus
29-05-2023,51.48,3969.48,Medications,QuickHealth
05-10-2020,45.02,4825.46,Bandages,MediPlus
06-01-2020,66.62,689.84,Syringes,HealthMart
28-08-2020,53.31,1844.66,Bandages,PharmaCare
23-01-2023,87.73,1480.05,Syringes,MediPlus
05-04-2022,66.96,1960.31,Medications,HealthMart
27-06-2020,62.62,2281.14,Medications,PharmaCare
15-03-2021,97.2,3114.85,Medical Devices,MedLife
15-06-2023,23.95,3968.59,Medications,MediPlus
17-11-2021,54.99,3586.75,Bandages,PharmaCare
14-07-2023,15.38,3400.59,Syringes,MediPlus
25-08-2020,53.91,1925.33,Bandages,QuickHealth
25-06-2021,75.99,596.09,Medical Devices,HealthMart
10-11-2018,75.2,1628.13,Syringes,QuickHealth
19-05-2020,73.6,3015.61,Medical Devices,MediPlus
08-08-2022,61.0,2946.29,Bandages,QuickHealth
28-07-2020,34.78,4241.07,Medications,PharmaCare
08-07-2022,57.8,2522.23,Bandages,MedLife
23-11-2022,43.04,503.24,Medical Devices,MediPlus
29-09-2020,89.46,3288.81,Bandages,MedLife
18-08-2021,31.49,3744.52,Medical Devices,MediPlus
21-04-2023,57.17,2738.97,Medications,MedLife
06-09-2019,35.48,2344.12,Bandages,PharmaCare
02-01-2022,18.66,3465.01,Syringes,MediPlus
24-08-2018,26.08,640.73,Syringes,QuickHealth
01-05-2020,27.25,643.18,Medical Devices,QuickHealth
05-07-2019,57.32,3655.91,Bandages,PharmaCare
07-01-2019,42.97,3226.79,Syringes,PharmaCare
11-12-2021,93.72,1439.32,Medical Devices,PharmaCare
11-03-2021,52.13,3375.13,Bandages,MedLife
09-11-2021,76.91,4506.94,Bandages,PharmaCare
15-01-2022,84.13,1696.17,Syringes,PharmaCare
30-04-2020,85.1,850.71,Medications,MedLife
15-10-2022,18.74,3763.27,Medical Devices,MediPlus
16-06-2019,27.38,3455.94,Medications,MedLife
17-11-2022,77.43,2368.33,Syringes,MedLife
04-08-2018,42.22,2564.24,Medical Devices,PharmaCare
29-03-2020,25.01,1311.78,Medical Devices,MedLife
26-04-2020,40.38,1211.79,Medical Devices,HealthMart
19-01-2019,91.22,2975.37,Bandages,HealthMart
09-06-2022,47.11,3349.58,Bandages,MedLife
23-09-2018,31.67,2955.32,Medical Devices,MedLife
11-07-2023,93.35,1643.4,Medical Devices,QuickHealth
22-06-2020,96.38,500.88,Syringes,HealthMart
10-07-2021,63.62,2829.24,Bandages,PharmaCare
30-09-2018,37.03,1498.49,Bandages,PharmaCare
20-09-2021,79.44,4745.07,Bandages,MedLife
27-06-2021,56.01,3068.01,Medications,PharmaCare
14-09-2019,13.4,2100.45,Medications,HealthMart
09-09-2018,43.04,3119.7,Medications,HealthMart
19-07-2023,83.0,913.57,Medical Devices,MedLife
22-11-2020,92.61,3804.2,Bandages,QuickHealth
08-03-2022,25.56,4215.67,Syringes,MedLife
24-09-2019,67.8,668.17,Medical Devices,PharmaCare
07-05-2020,80.21,4648.42,Bandages,HealthMart
22-09-2020,89.18,2454.37,Syringes,MediPlus
29-07-2021,77.29,4322.65,Syringes,QuickHealth
13-04-2022,14.87,2859.73,Bandages,MedLife
27-02-2021,60.84,1970.74,Medications,MediPlus
17-07-2021,14.55,3792.1,Medical Devices,QuickHealth
14-05-2022,77.76,3088.65,Syringes,MediPlus
11-01-2019,48.87,4038.66,Medications,MediPlus
03-07-2020,40.26,2641.35,Syringes,MedLife
31-03-2020,45.93,882.86,Medical Devices,MediPlus
11-12-2018,78.58,2664.15,Medications,QuickHealth
08-10-2022,45.58,3070.99,Medications,MediPlus
01-11-2020,16.45,3995.47,Bandages,MedLife
18-05-2022,18.06,3522.86,Medical Devices,HealthMart
12-02-2022,41.35,1943.32,Syringes,HealthMart
13-03-2022,25.23,2073.72,Medical Devices,MedLife
13-06-2022,23.12,701.95,Medications,MediPlus
28-08-2018,71.68,1201.96,Syringes,PharmaCare
12-05-2021,76.56,1593.72,Medications,HealthMart
11-12-2022,11.24,3622.08,Syringes,HealthMart
03-12-2019,50.51,602.37,Medications,MedLife
12-08-2018,29.07,2958.91,Bandages,MedLife
29-01-2021,53.47,3784.66,Medications,PharmaCare
15-05-2023,43.89,4577.18,Syringes,HealthMart
16-11-2019,25.33,1778.06,Bandages,PharmaCare
20-12-2021,51.85,4753.29,Syringes,QuickHealth
07-08-2018,69.43,3483.42,Bandages,PharmaCare
09-02-2023,11.72,4403.35,Medical Devices,MediPlus
03-03-2019,98.18,2788.43,Syringes,HealthMart
25-03-2019,53.62,3186.98,Syringes,MediPlus
13-03-2023,27.9,4850.56,Syringes,PharmaCare
05-09-2020,32.27,2882.37,Bandages,QuickHealth
01-11-2019,45.41,1206.52,Bandages,HealthMart
07-12-2022,41.98,1860.47,Bandages,PharmaCare
29-12-2019,66.32,4454.05,Syringes,MedLife
30-11-2019,95.42,1515.12,Bandages,QuickHealth
10-03-2019,69.12,895.08,Medical Devices,MedLife
18-03-2022,96.45,3256.02,Medications,QuickHealth
26-05-2023,31.63,1187.37,Bandages,MedLife
03-05-2023,39.64,2940.05,Medications,MediPlus
09-07-2020,62.29,3578.22,Medications,MediPlus
01-02-2020,37.81,3673.11,Medications,QuickHealth
02-09-2021,99.61,4891.0,Medications,MedLife
10-01-2023,92.54,1928.73,Syringes,MediPlus
25-02-2019,38.58,4458.37,Syringes,HealthMart
29-03-2022,89.21,2363.18,Medical Devices,HealthMart
06-11-2018,49.87,4701.96,Bandages,MediPlus
15-06-2020,80.12,980.47,Medications,PharmaCare
13-03-2019,78.62,3253.92,Bandages,MedLife
24-05-2022,61.03,1539.1,Medications,MediPlus
30-07-2019,71.86,2116.68,Medical Devices,MediPlus
10-04-2021,55.21,3221.2,Bandages,MediPlus
04-12-2020,86.69,2711.51,Medications,MediPlus
30-12-2019,27.39,645.03,Syringes,HealthMart
22-06-2022,95.52,1501.49,Medications,MediPlus
25-03-2023,15.95,4671.96,Medical Devices,MedLife
21-01-2019,54.09,1962.03,Medical Devices,MediPlus
23-04-2020,48.48,3992.97,Medical Devices,HealthMart
26-02-2023,45.47,4726.13,Syringes,MedLife
04-06-2022,19.84,2556.05,Syringes,MediPlus
11-05-2019,56.68,2280.25,Syringes,MedLife
18-02-2021,44.87,3943.22,Syringes,MediPlus
14-07-2020,36.21,2291.18,Bandages,HealthMart
19-05-2021,51.52,2401.08,Syringes,MedLife
18-08-2019,91.33,2586.11,Medical Devices,PharmaCare
09-07-2021,75.04,1009.27,Medications,QuickHealth
11-03-2023,47.22,2528.99,Medications,QuickHealth
07-10-2021,63.13,3706.85,Medications,QuickHealth
21-10-2021,18.12,1958.34,Medications,PharmaCare
06-02-2021,18.21,3678.02,Bandages,PharmaCare
02-05-2020,57.14,2228.39,Medications,QuickHealth
27-07-2018,59.53,697.58,Medications,HealthMart
04-04-2021,60.89,3467.89,Medications,MediPlus
17-05-2021,88.19,1304.9,Syringes,QuickHealth
23-07-2023,37.73,3785.73,Medical Devices,HealthMart
16-03-2019,66.38,1028.99,Medications,MediPlus
27-10-2022,10.32,3944.28,Syringes,QuickHealth
02-07-2023,54.79,2743.89,Syringes,MedLife
17-05-2019,89.44,1570.45,Medical Devices,QuickHealth
24-01-2022,46.91,857.32,Syringes,MediPlus
13-07-2020,89.4,1751.51,Medications,PharmaCare
15-12-2020,26.64,747.79,Bandages,PharmaCare
15-03-2019,23.08,645.94,Bandages,HealthMart
28-11-2020,92.83,720.64,Medical Devices,MediPlus
15-02-2023,24.52,1779.71,Medications,QuickHealth
19-02-2023,77.44,2120.85,Syringes,PharmaCare
11-06-2020,79.17,1952.7,Medical Devices,PharmaCare
17-08-2022,78.26,4294.89,Syringes,HealthMart
01-11-2022,52.37,1049.1,Bandages,HealthMart
29-01-2022,57.43,2860.91,Medications,MedLife
24-05-2020,15.24,3071.15,Syringes,QuickHealth
19-06-2022,75.17,3221.5,Bandages,QuickHealth
27-12-2022,64.8,1924.2,Bandages,MediPlus
27-02-2022,65.29,2733.79,Medical Devices,QuickHealth
17-04-2019,82.72,4476.49,Medications,HealthMart
12-05-2023,98.13,507.11,Syringes,QuickHealth
15-05-2021,66.29,1030.67,Medications,MedLife
04-05-2020,99.91,2363.19,Bandages,HealthMart
26-10-2022,60.44,3368.77,Syringes,MediPlus
09-10-2022,72.1,1644.88,Syringes,HealthMart
24-12-2019,37.03,2974.97,Syringes,PharmaCare
11-10-2022,71.73,2036.13,Syringes,MediPlus
10-07-2020,27.46,4252.21,Medical Devices,QuickHealth
20-02-2021,81.75,3405.43,Medical Devices,MediPlus
16-05-2022,66.45,4514.26,Bandages,QuickHealth
12-02-2023,80.56,2362.79,Syringes,MedLife
24-07-2021,36.94,3762.34,Bandages,MedLife
19-08-2021,58.23,1437.18,Bandages,HealthMart
11-09-2018,15.96,1171.87,Syringes,HealthMart
02-11-2020,98.53,3319.3,Medications,MedLife
07-02-2022,64.51,1343.21,Syringes,HealthMart
11-04-2021,73.47,1915.25,Syringes,HealthMart
28-03-2021,47.25,2736.74,Medications,HealthMart
26-03-2022,50.67,4778.27,Medications,MedLife
05-07-2020,37.21,1005.04,Syringes,MediPlus
19-10-2019,92.2,2496.98,Syringes,QuickHealth
28-12-2022,91.45,1193.35,Bandages,QuickHealth
26-11-2022,75.92,2856.33,Bandages,MediPlus
28-12-2018,79.25,942.13,Medications,MediPlus
15-03-2022,75.21,2567.16,Syringes,PharmaCare
07-10-2022,37.99,698.13,Syringes,HealthMart
26-06-2022,52.02,707.63,Bandages,PharmaCare
18-09-2022,61.98,1904.64,Medications,HealthMart
13-05-2021,28.05,1789.55,Bandages,QuickHealth
21-06-2021,70.4,1726.94,Medications,HealthMart
21-09-2020,20.3,4812.34,Syringes,MediPlus
04-03-2023,58.83,2972.15,Bandages,MediPlus
09-05-2019,94.9,4118.01,Medications,MediPlus
20-09-2019,16.41,3259.68,Bandages,MedLife
12-11-2020,49.93,1085.33,Medical Devices,PharmaCare
19-04-2022,19.53,742.1,Medical Devices,QuickHealth
16-07-2022,26.11,3182.55,Medical Devices,MedLife
12-03-2020,42.01,1995.49,Medications,MedLife
19-04-2020,17.07,4652.53,Medical Devices,MedLife
15-06-2022,21.86,4157.83,Medical Devices,PharmaCare
11-06-2021,51.0,3580.15,Medical Devices,QuickHealth
06-02-2020,30.85,1507.08,Bandages,HealthMart
25-09-2022,45.29,3648.27,Bandages,HealthMart
23-01-2021,50.8,636.19,Medical Devices,PharmaCare
20-09-2020,41.63,2575.59,Medications,HealthMart
24-08-2022,79.11,3219.98,Medications,MedLife
28-10-2021,19.26,4178.99,Syringes,HealthMart
26-06-2021,60.05,819.16,Bandages,MedLife
14-02-2022,51.49,3157.41,Medications,MedLife
30-04-2022,31.93,1215.59,Medical Devices,QuickHealth
01-12-2020,15.95,1437.07,Medical Devices,QuickHealth
08-08-2019,61.05,2039.9,Medications,MediPlus
17-01-2022,69.64,850.52,Medical Devices,PharmaCare
14-06-2023,63.29,2583.09,Syringes,QuickHealth
03-10-2022,25.86,4801.48,Syringes,MedLife
09-04-2023,19.79,4163.3,Medical Devices,HealthMart
01-10-2021,54.49,3470.74,Syringes,MediPlus
13-07-2021,83.53,4492.68,Syringes,MediPlus
17-04-2021,69.48,2538.38,Bandages,QuickHealth
02-10-2018,65.4,2512.22,Medications,HealthMart
17-02-2023,36.98,4074.56,Bandages,QuickHealth
30-12-2018,74.6,4618.03,Syringes,MedLife
07-07-2023,10.73,4938.9,Medical Devices,MediPlus
01-09-2021,86.73,780.85,Syringes,PharmaCare
18-07-2022,73.3,4193.39,Bandages,PharmaCare
11-10-2018,87.51,4395.56,Medications,QuickHealth
19-03-2023,73.2,2274.21,Bandages,QuickHealth
22-10-2020,46.54,2458.36,Medications,MediPlus
22-12-2019,52.74,1347.02,Medical Devices,HealthMart
02-09-2022,85.6,1194.2,Medications,MediPlus
09-12-2019,11.04,3417.75,Medications,QuickHealth
23-04-2021,69.21,4887.39,Medications,PharmaCare
09-06-2023,22.35,4126.74,Medical Devices,MedLife
08-04-2022,93.73,3304.62,Medical Devices,MedLife
18-07-2020,48.17,4190.32,Medical Devices,HealthMart
26-05-2022,30.32,2411.47,Syringes,MedLife
21-07-2023,54.83,3789.11,Bandages,QuickHealth
14-10-2021,93.39,3093.59,Syringes,PharmaCare
03-10-2018,61.13,3671.97,Syringes,MedLife
14-08-2018,53.34,3607.24,Medications,MedLife
04-03-2022,98.52,4926.51,Bandages,QuickHealth
16-10-2022,56.53,2855.11,Syringes,MediPlus
25-09-2019,52.52,3837.59,Syringes,MedLife
21-06-2019,81.83,1906.25,Syringes,HealthMart
07-05-2023,58.15,548.53,Medical Devices,MedLife
29-12-2018,91.54,3082.84,Bandages,QuickHealth
09-05-2021,41.76,4899.92,Bandages,HealthMart
08-05-2023,25.08,3627.73,Bandages,MedLife
20-10-2019,33.44,3331.85,Medications,MedLife
26-03-2020,14.65,4956.64,Syringes,HealthMart
14-02-2020,53.63,1070.7,Syringes,HealthMart
14-03-2021,32.68,3271.09,Bandages,HealthMart
03-01-2019,11.28,1001.97,Medications,MedLife
23-09-2021,76.51,3466.2,Bandages,MediPlus
22-10-2018,33.51,3653.49,Medical Devices,MediPlus
23-11-2021,81.94,4379.06,Bandages,PharmaCare
11-05-2023,97.06,3179.95,Medications,QuickHealth
11-09-2022,77.75,2358.27,Medical Devices,MediPlus
12-09-2022,69.46,3767.0,Medications,MediPlus
12-02-2021,62.0,4288.25,Syringes,HealthMart
19-04-2023,77.99,1021.97,Medications,QuickHealth
22-05-2021,45.89,1856.15,Medications,QuickHealth
16-11-2018,71.52,2255.32,Bandages,MediPlus
30-06-2020,57.74,2456.3,Bandages,QuickHealth
04-07-2020,44.38,1920.6,Syringes,PharmaCare
13-01-2019,92.59,3368.41,Medical Devices,MedLife
14-11-2022,92.62,4362.6,Bandages,HealthMart
18-08-2022,34.04,942.25,Medical Devices,QuickHealth
25-12-2021,79.58,3870.91,Medications,MedLife
13-11-2021,40.37,3606.25,Medications,HealthMart
21-11-2022,59.29,3527.61,Syringes,PharmaCare
03-07-2019,47.01,2863.69,Medical Devices,HealthMart
24-07-2022,29.75,1774.84,Medications,PharmaCare
21-10-2020,12.13,913.74,Medications,MedLife
24-03-2023,67.43,3686.34,Syringes,PharmaCare
08-05-2022,87.08,1084.58,Medications,PharmaCare
10-05-2023,72.61,1640.01,Medical Devices,PharmaCare
12-10-2022,67.49,4652.13,Bandages,QuickHealth
23-05-2023,72.3,3504.11,Bandages,HealthMart
20-09-2022,24.58,832.99,Syringes,QuickHealth
03-02-2019,44.97,4981.81,Bandages,HealthMart
18-04-2023,26.01,812.29,Medications,MedLife
15-01-2019,45.34,3404.67,Syringes,MediPlus
21-09-2019,58.66,2440.64,Syringes,QuickHealth
08-02-2019,74.39,964.79,Syringes,PharmaCare
23-07-2021,61.42,1627.68,Medical Devices,PharmaCare
31-12-2020,90.69,1169.84,Syringes,PharmaCare
11-04-2022,69.81,1698.96,Bandages,QuickHealth
27-07-2022,61.72,2819.22,Medical Devices,QuickHealth
08-11-2022,49.25,4298.22,Syringes,MedLife
30-12-2020,30.33,2229.91,Medical Devices,PharmaCare
01-03-2020,61.05,4707.69,Bandages,HealthMart
13-10-2018,71.37,2302.77,Syringes,HealthMart
08-11-2018,58.12,4824.16,Syringes,QuickHealth
17-08-2021,78.44,1804.81,Medications,MediPlus
26-06-2020,59.9,4853.81,Medications,HealthMart
28-10-2018,72.63,4534.07,Bandages,QuickHealth
07-10-2019,17.64,3347.56,Medications,MediPlus
22-03-2023,13.21,614.14,Medications,QuickHealth
09-06-2021,44.99,4067.33,Bandages,QuickHealth
28-05-2019,58.05,4254.13,Medical Devices,PharmaCare
02-10-2020,13.33,752.25,Syringes,QuickHealth
16-04-2020,20.64,4131.97,Medical Devices,MedLife
01-07-2023,23.41,3107.06,Syringes,PharmaCare
26-09-2020,76.19,2700.03,Syringes,QuickHealth
03-10-2020,91.65,3282.67,Medications,MediPlus
31-07-2021,11.29,3346.98,Bandages,PharmaCare
04-10-2018,51.06,1268.1,Syringes,PharmaCare
26-10-2018,20.28,3177.4,Medications,PharmaCare
24-01-2021,82.4,2417.95,Medical Devices,HealthMart
06-10-2019,20.87,3578.4,Medications,HealthMart
22-12-2022,85.28,4068.96,Syringes,MedLife
28-01-2022,25.61,784.5,Bandages,MediPlus
26-04-2022,78.18,1256.23,Bandages,MedLife
06-06-2020,24.85,1596.4,Syringes,MediPlus
24-06-2020,19.0,4313.15,Medical Devices,MediPlus
24-09-2022,11.41,2691.35,Syringes,PharmaCare
29-11-2021,26.15,901.14,Bandages,QuickHealth
02-06-2023,72.42,4065.08,Medical Devices,MediPlus
18-05-2019,28.55,3379.22,Medical Devices,QuickHealth
06-07-2021,31.53,1285.47,Syringes,MedLife
03-11-2018,26.2,2749.49,Syringes,HealthMart
08-05-2021,41.31,520.57,Medications,MediPlus
28-08-2021,20.58,2885.9,Syringes,MedLife
01-01-2022,42.57,3925.08,Medications,QuickHealth
15-02-2021,79.33,3466.97,Bandages,PharmaCare
25-07-2019,27.43,4084.76,Medical Devices,QuickHealth
23-08-2020,25.87,3515.64,Syringes,PharmaCare
17-05-2022,68.04,1782.79,Medical Devices,HealthMart
05-01-2021,40.09,4123.19,Medical Devices,PharmaCare
05-10-2022,19.4,736.05,Medications,MediPlus
04-08-2021,80.69,2682.78,Syringes,PharmaCare
01-06-2023,90.56,3746.31,Bandages,QuickHealth
06-05-2019,27.89,3545.84,Bandages,MediPlus
18-09-2020,80.11,1967.6,Syringes,MediPlus
25-07-2020,76.4,4414.49,Medical Devices,MediPlus
14-05-2019,16.62,3132.92,Syringes,QuickHealth
23-05-2022,23.04,4675.49,Medical Devices,MediPlus
11-02-2019,44.86,1113.82,Medications,HealthMart
08-07-2019,97.8,1409.95,Medications,PharmaCare
14-10-2022,72.3,768.43,Medications,PharmaCare
19-03-2019,86.65,2563.61,Medications,HealthMart
07-10-2020,29.79,1828.23,Medications,MedLife
05-05-2021,91.5,3101.55,Medications,PharmaCare
06-02-2023,47.05,2847.96,Medications,MedLife
23-02-2023,52.61,2582.43,Syringes,QuickHealth
05-07-2021,76.26,1609.94,Bandages,QuickHealth
03-06-2019,62.15,4513.2,Medications,MedLife
18-03-2021,90.84,2379.97,Syringes,PharmaCare
27-09-2018,99.21,3800.64,Syringes,QuickHealth
08-06-2022,57.8,2656.71,Syringes,QuickHealth
05-07-2022,54.58,873.91,Syringes,QuickHealth
24-10-2020,95.49,1097.2,Bandages,MediPlus
13-06-2019,68.29,908.28,Medical Devices,HealthMart
19-11-2019,24.56,2566.77,Syringes,QuickHealth
29-06-2021,51.74,1123.81,Medical Devices,MediPlus
14-03-2020,81.09,2166.89,Medical Devices,PharmaCare
07-09-2022,87.43,818.14,Bandages,MedLife
15-04-2022,12.94,2416.56,Bandages,MedLife
10-04-2020,58.82,4075.15,Syringes,MedLife
17-02-2022,89.28,3810.92,Syringes,MedLife
31-12-2022,95.08,3535.94,Syringes,PharmaCare
25-02-2023,44.47,2594.09,Syringes,HealthMart
10-03-2022,42.98,3416.78,Syringes,MedLife
05-08-2020,73.84,1421.21,Bandages,MediPlus
30-10-2022,58.57,3420.67,Medications,MediPlus
05-06-2023,38.84,4540.7,Medical Devices,HealthMart
22-02-2019,14.9,2177.66,Medical Devices,QuickHealth
30-08-2020,55.13,4233.02,Medical Devices,MedLife
22-11-2021,71.05,2897.85,Bandages,QuickHealth
01-07-2022,65.89,4099.57,Syringes,MediPlus
12-11-2022,90.27,2560.43,Syringes,QuickHealth
12-10-2021,90.82,1797.68,Syringes,PharmaCare
05-09-2018,24.83,1004.11,Medications,QuickHealth
23-05-2020,23.54,1419.15,Syringes,HealthMart
03-05-2020,47.49,3570.82,Medications,QuickHealth
24-09-2020,41.2,2497.37,Syringes,HealthMart
29-10-2020,27.02,599.16,Medications,MedLife
08-02-2021,68.02,2352.61,Bandages,HealthMart
30-05-2023,53.75,3496.35,Medical Devices,QuickHealth
07-08-2021,37.37,1093.79,Bandages,MediPlus
10-08-2021,81.03,1520.52,Bandages,HealthMart
04-06-2021,79.28,712.94,Bandages,HealthMart
19-02-2022,51.03,1248.63,Medications,MedLife
10-10-2022,35.67,4879.43,Medications,MediPlus
05-03-2022,31.41,685.18,Bandages,MedLife
31-01-2021,21.38,1671.83,Medications,MediPlus
30-08-2021,60.62,656.1,Bandages,HealthMart
26-10-2021,23.31,2517.93,Medications,MedLife
25-11-2021,37.14,4641.95,Medical Devices,QuickHealth
20-02-2019,79.17,4765.05,Bandages,MediPlus
09-07-2022,10.39,3823.23,Bandages,HealthMart
31-05-2022,52.65,1804.22,Medications,MedLife
16-03-2022,75.57,4650.31,Bandages,PharmaCare
10-08-2019,75.85,4550.79,Medications,MedLife
21-03-2021,20.52,611.58,Medications,QuickHealth
17-01-2021,42.17,1968.65,Medications,MedLife
06-12-2021,57.38,4015.78,Bandages,MediPlus
13-11-2022,12.03,2922.86,Medical Devices,PharmaCare
26-08-2021,97.83,2274.91,Medical Devices,HealthMart
28-04-2019,64.29,2802.0,Syringes,HealthMart
20-11-2018,45.78,3721.84,Medical Devices,HealthMart
08-10-2020,44.75,554.86,Bandages,HealthMart
18-09-2018,37.73,2505.09,Syringes,MediPlus
09-03-2019,75.51,2498.99,Medical Devices,QuickHealth
08-07-2023,35.98,4125.53,Medical Devices,QuickHealth
05-04-2021,22.56,3142.31,Syringes,MediPlus
17-09-2019,28.7,2635.76,Bandages,PharmaCare
27-11-2021,93.98,3158.06,Medical Devices,PharmaCare
24-09-2018,10.6,3374.63,Bandages,QuickHealth
18-01-2022,25.74,2579.54,Medications,MediPlus
07-11-2018,26.74,2217.96,Medical Devices,PharmaCare
31-03-2023,84.05,1858.97,Bandages,QuickHealth
23-11-2019,60.34,2585.53,Syringes,PharmaCare
02-05-2021,23.86,1850.76,Medical Devices,PharmaCare
20-07-2021,68.84,4517.09,Medical Devices,MediPlus
30-03-2021,54.27,3595.29,Medications,PharmaCare
11-06-2019,20.74,1747.48,Syringes,MedLife
25-11-2022,77.1,3114.8,Medical Devices,HealthMart
11-10-2020,66.52,2642.18,Syringes,HealthMart
20-10-2021,56.13,3088.69,Bandages,MediPlus
15-01-2020,62.35,1157.62,Medical Devices,MediPlus
20-08-2020,42.16,738.0,Bandages,QuickHealth
05-05-2020,67.26,4798.2,Syringes,HealthMart
18-01-2020,36.25,3375.26,Syringes,MedLife
01-08-2018,27.44,3326.13,Syringes,MedLife
22-02-2020,77.74,2946.71,Bandages,HealthMart
06-11-2019,34.43,3640.85,Bandages,PharmaCare
10-08-2022,58.1,2082.33,Medications,PharmaCare
04-10-2021,22.33,1766.38,Medical Devices,QuickHealth
13-05-2022,40.63,4598.55,Syringes,MediPlus
23-12-2022,23.91,1495.01,Medications,MedLife
15-09-2021,65.21,4241.37,Syringes,QuickHealth
30-10-2019,51.44,843.8,Medications,PharmaCare
10-05-2020,53.16,1902.08,Bandages,MediPlus
26-07-2021,83.53,4503.77,Bandages,MediPlus
10-04-2023,73.89,629.42,Syringes,MediPlus
31-01-2019,21.58,3624.1,Medications,HealthMart
11-02-2023,21.28,1085.98,Syringes,QuickHealth
07-03-2020,72.17,4028.13,Syringes,PharmaCare
21-02-2021,79.72,3908.0,Syringes,MediPlus
12-08-2021,19.7,4068.75,Syringes,QuickHealth
17-12-2020,20.7,1638.56,Syringes,HealthMart
10-11-2022,70.08,3895.48,Syringes,MedLife
01-08-2021,28.49,4555.29,Medications,HealthMart
08-09-2021,12.63,1155.01,Bandages,MedLife
05-05-2019,41.31,1222.51,Medications,MedLife
30-06-2019,61.32,945.98,Syringes,MedLife
02-07-2021,29.53,1361.96,Bandages,MediPlus
05-11-2022,91.15,2917.07,Syringes,MediPlus
12-08-2020,92.84,4330.84,Medical Devices,HealthMart
09-01-2022,72.83,1333.07,Syringes,MediPlus
10-04-2019,85.13,4915.86,Medical Devices,MediPlus
26-09-2018,56.28,2334.1,Bandages,PharmaCare
21-11-2019,51.93,2838.77,Medical Devices,HealthMart
14-11-2019,73.43,3007.09,Syringes,PharmaCare
01-03-2021,39.53,1020.75,Bandages,QuickHealth
30-05-2019,64.04,1904.03,Medical Devices,MediPlus
21-04-2020,59.85,1807.65,Medical Devices,MediPlus
25-07-2023,87.11,4526.4,Medical Devices,HealthMart
19-10-2020,26.14,4994.25,Medical Devices,PharmaCare
08-03-2020,45.67,2851.98,Syringes,PharmaCare
03-01-2020,22.9,2302.81,Syringes,MediPlus
27-03-2023,15.82,4888.43,Bandages,MediPlus
24-04-2023,63.55,4957.98,Syringes,MediPlus
16-04-2019,85.43,3763.4,Bandages,MedLife
01-09-2019,63.43,3903.36,Medical Devices,HealthMart
05-06-2020,52.82,3214.24,Medical Devices,QuickHealth
12-06-2021,56.03,1163.18,Medical Devices,PharmaCare
27-07-2019,21.0,2702.04,Medications,MediPlus
08-02-2023,12.68,3820.09,Syringes,QuickHealth
17-10-2018,71.03,4874.33,Medical Devices,MedLife
13-12-2019,71.13,1187.31,Syringes,PharmaCare
04-02-2023,69.5,2839.77,Medical Devices,QuickHealth
09-09-2020,28.17,3479.42,Medical Devices,MedLife
06-07-2023,33.55,2046.27,Syringes,PharmaCare
12-11-2021,99.16,4460.57,Syringes,QuickHealth
03-01-2023,50.51,4337.93,Medical Devices,QuickHealth
10-03-2023,13.24,1295.91,Bandages,MediPlus
30-01-2020,54.23,1105.2,Medical Devices,QuickHealth
03-11-2020,78.76,3059.85,Medical Devices,MedLife
12-03-2023,71.68,3074.95,Medical Devices,MedLife
03-09-2018,86.89,2780.08,Medical Devices,HealthMart
05-03-2021,54.52,4868.92,Bandages,HealthMart
28-04-2023,38.84,626.66,Syringes,MediPlus
15-08-2021,85.32,2069.95,Syringes,HealthMart
27-04-2022,44.25,2426.67,Bandages,QuickHealth
03-09-2021,41.61,3475.58,Medications,MediPlus
17-09-2021,68.33,3166.39,Syringes,HealthMart
03-08-2019,20.3,1264.01,Bandages,PharmaCare
19-10-2021,51.48,4385.16,Medical Devices,HealthMart
27-03-2020,11.84,2613.65,Syringes,HealthMart
21-07-2020,44.0,2256.35,Syringes,QuickHealth
30-08-2019,19.01,3538.0,Bandages,QuickHealth
04-03-2019,55.25,3942.07,Bandages,MediPlus
24-02-2019,65.33,2135.0,Medical Devices,MediPlus
16-12-2022,54.73,4313.0,Syringes,MedLife
04-11-2022,29.27,1693.2,Bandages,MedLife
11-05-2022,46.18,1516.49,Syringes,MedLife
16-06-2021,18.53,2015.77,Syringes,MedLife
25-02-2020,82.11,2638.71,Medications,HealthMart
14-06-2019,81.61,3431.92,Bandages,MedLife
27-05-2022,82.37,2448.1,Bandages,MediPlus
19-07-2021,47.29,1630.69,Medical Devices,MedLife
28-02-2019,26.25,583.71,Medications,MedLife
14-07-2021,54.93,3473.63,Medical Devices,HealthMart
05-08-2022,94.34,2897.24,Medical Devices,MedLife
23-03-2020,75.4,769.47,Medications,HealthMart
01-05-2023,51.62,1581.68,Bandages,QuickHealth
21-11-2020,46.92,4370.84,Syringes,MediPlus
07-06-2019,86.14,1701.21,Bandages,MediPlus
01-05-2021,33.08,3205.55,Medical Devices,MediPlus
14-04-2021,20.22,1363.62,Medications,HealthMart
06-01-2022,51.77,3019.21,Medical Devices,QuickHealth
11-03-2022,68.22,666.52,Medications,HealthMart
25-06-2022,22.28,1662.79,Bandages,MedLife
20-07-2019,25.84,4336.34,Medical Devices,PharmaCare
26-05-2019,14.98,4534.27,Bandages,MedLife
01-12-2018,36.82,786.12,Medical Devices,HealthMart
09-05-2022,70.45,4485.74,Medical Devices,MediPlus
05-01-2019,31.24,3069.38,Syringes,MedLife
23-08-2022,69.78,3111.89,Bandages,QuickHealth
30-11-2022,89.61,1571.35,Syringes,HealthMart
30-04-2023,39.64,3129.47,Medical Devices,MediPlus
07-03-2023,94.2,1481.04,Syringes,MediPlus
15-08-2019,29.27,1735.46,Medical Devices,HealthMart
17-06-2020,87.66,751.66,Bandages,PharmaCare
04-04-2019,38.48,2407.02,Medications,HealthMart
22-09-2022,89.15,4716.38,Bandages,QuickHealth
13-12-2022,74.41,4196.14,Syringes,MedLife
04-07-2022,13.13,3827.52,Syringes,MediPlus
24-09-2021,32.77,2231.11,Bandages,PharmaCare
07-01-2021,58.14,1563.72,Medical Devices,QuickHealth
24-10-2019,10.71,4823.37,Bandages,HealthMart
22-07-2019,18.12,4202.18,Medications,HealthMart
11-05-2021,28.93,4506.11,Medical Devices,HealthMart
10-07-2022,89.15,3950.33,Medical Devices,PharmaCare
16-01-2023,34.66,860.43,Medical Devices,QuickHealth
26-03-2019,76.32,4669.24,Bandages,QuickHealth
29-11-2022,88.91,4191.09,Medications,HealthMart
21-12-2022,55.57,2083.35,Bandages,QuickHealth
25-04-2020,72.57,3928.89,Medications,QuickHealth
19-09-2022,81.19,1112.42,Medical Devices,MediPlus
30-10-2020,66.55,1911.75,Syringes,PharmaCare
13-09-2020,24.2,2823.65,Medications,MedLife
21-04-2022,71.72,4066.89,Bandages,QuickHealth
02-07-2022,53.05,3808.27,Bandages,MediPlus
15-11-2021,71.87,4220.46,Bandages,MediPlus
20-06-2022,17.6,2154.2,Medical Devices,QuickHealth
13-04-2021,95.03,4479.54,Medications,PharmaCare
15-07-2021,95.33,4654.01,Medications,PharmaCare
23-02-2019,97.67,1392.2,Medications,PharmaCare
23-01-2020,46.09,2430.07,Bandages,MediPlus
08-08-2018,18.02,2155.64,Syringes,PharmaCare
14-01-2022,74.67,2458.21,Medical Devices,QuickHealth
13-08-2019,20.67,3711.04,Medications,HealthMart
20-04-2021,35.92,2723.76,Medications,QuickHealth
19-05-2023,87.07,3200.37,Bandages,MediPlus
03-08-2020,47.65,2338.36,Medications,PharmaCare
04-05-2023,36.12,1678.1,Medical Devices,MediPlus
22-03-2019,43.27,3579.2,Medical Devices,PharmaCare
19-12-2019,10.93,1099.42,Bandages,QuickHealth
